accession	organism	mol_type	strain	serotype	db_xref	country	host	segment	collection_date	isolation_source	isolate	note	lab_host	lat_lon	collection_year	collection_month	collection_day	flu_season	gap_pos	start_gaps	end_gaps
FJ800811.1	Influenza A virus (A/Toronto/432/2008(H1N1))	viral cRNA	A/Toronto/432/2008	H1N1	taxon:620785	Canada	Homo sapiens; DOB 01-Mar-51; M	4	2008-01-31						2008.0	1.0	31.0	2007-2008	932	41	888
FJ800819.1	Influenza A virus (A/Toronto/415/2008(H1N1))	viral cRNA	A/Toronto/415/2008	H1N1	taxon:620784	Canada	Homo sapiens; DOB 14-Dec-62; F	4	2008-01-08						2008.0	1.0	8.0	2007-2008	932	41	888
FJ800810.1	Influenza A virus (A/Toronto/104/2007(H1N1))	viral cRNA	A/Toronto/104/2007	H1N1	taxon:620782	Canada	Homo sapiens; DOB 05-Feb-02; M	4	2007-12-23						2007.0	12.0	23.0	2007-2008	932	41	888
FJ800818.1	Influenza A virus (A/Toronto/087/2007(H1N1))	viral cRNA	A/Toronto/087/2007	H1N1	taxon:620781	Canada	Homo sapiens; DOB 13-Oct-82; F	4	2007-12-22						2007.0	12.0	22.0	2007-2008	932	41	888
FJ800820.1	Influenza A virus (A/Toronto/398/2007(H1N1))	viral cRNA	A/Toronto/398/2007	H1N1	taxon:620783	Canada	Homo sapiens; DOB 25-Jul-96; M	4	2007-12-03						2007.0	12.0	3.0	2007-2008	932	41	888
FJ800809.1	Influenza A virus (A/Toronto/008/2007(H1N1))	viral cRNA	A/Toronto/008/2007	H1N1	taxon:620780	Canada	Homo sapiens; DOB 02-Dec-06; M	4	2007-11-26						2007.0	11.0	26.0	2007-2008	932	41	888
HQ239567.1	Influenza A virus (A/Canada-ON/RV2888/2009(H1N1))	viral cRNA	A/Canada-ON/RV2888/2009	H1N1	taxon:885216	Canada: Ontario	Homo sapiens; gender M; age 27Y	4	2009-08-29	TCF	NML RV2888/09	lineage: swl; P1 passage(s)			2009.0	8.0	29.0	2008-2009	114	32	82
CY060534.2	Influenza A virus (A/Ontario/237882/2009(H1N1))	viral cRNA	A/Ontario/237882/2009	H1N1	taxon:754356	Canada: Ontario	human; gender M; age 0	4	2009-08-24	nasopharyngeal swab		lineage=swl	MDCK1 passage(s)		2009.0	8.0	24.0	2008-2009	41	14	27
CY060502.2	Influenza A virus (A/Ontario/10016/2009(H1N1))	viral cRNA	A/Ontario/10016/2009	H1N1	taxon:754352	Canada: Ontario	human; gender M; age 25	4	2009-08-24	nasopharyngeal swab; oseltamivir resistant		lineage=swl	MDCK1 passage(s)		2009.0	8.0	24.0	2008-2009	41	14	27
CY060526.2	Influenza A virus (A/Ontario/235657/2009(H1N1))	viral cRNA	A/Ontario/235657/2009	H1N1	taxon:754355	Canada: Ontario	human; gender M; age 46	4	2009-08-21	nasopharyngeal swab		lineage=swl	MDCK1 passage(s)		2009.0	8.0	21.0	2008-2009	41	14	27
CY060510.2	Influenza A virus (A/Ontario/10296/2009(H1N1))	viral cRNA	A/Ontario/10296/2009	H1N1	taxon:754353	Canada: Ontario	human; gender M; age 25	4	2009-08-17	nasopharyngeal swab; oseltamivir resistant		lineage=swl	MDCK1 passage(s)		2009.0	8.0	17.0	2008-2009	41	14	27
CY060734.2	Influenza A virus (A/Ontario/35273/2009(H1N1))	viral cRNA	A/Ontario/35273/2009	H1N1	taxon:754381	Canada: Ontario	human; gender M; age 20	4	2009-08-13	nasopharyngeal swab		lineage=swl	MDCK1 passage(s)		2009.0	8.0	13.0	2008-2009	41	14	27
CY060518.2	Influenza A virus (A/Ontario/222656/2009(H1N1))	viral cRNA	A/Ontario/222656/2009	H1N1	taxon:754354	Canada: Ontario	human; gender M; age 13	4	2009-08-11	nasopharyngeal swab		lineage=swl	MDCK1 passage(s)		2009.0	8.0	11.0	2008-2009	28	20	8
CY060542.2	Influenza A virus (A/Ontario/25389/2009(H1N1))	viral cRNA	A/Ontario/25389/2009	H1N1	taxon:754357	Canada: Ontario	human; gender M; age 25	4	2009-08-09	nasopharyngeal swab		lineage=swl	MDCK1 passage(s)		2009.0	8.0	9.0	2008-2009	41	14	27
HQ239573.1	Influenza A virus (A/Canada-ON/RV2905/2009(H1N1))	viral cRNA	A/Canada-ON/RV2905/2009	H1N1	taxon:885222	Canada: Ontario	Homo sapiens; gender M; age 2Y	4	2009-08-09	TCF	NML RV2905/09	lineage: swl; P1 passage(s)			2009.0	8.0	9.0	2008-2009	114	32	82
CY045954.2	Influenza A virus (A/Toronto/T0106/2009(H1N1))	viral cRNA	A/Toronto/T0106/2009(H1N1)	H1N1	taxon:671778	Canada: Ontario	Homo sapiens	4	2009-07-07	gender:F; age:28; nasopharyngeal swab		lineage=swl	MDCK1 passage(s)		2009.0	7.0	7.0	2008-2009	28	20	8
CY045511.2	Influenza A virus (A/Toronto/R8564/2009(H1N1))	viral cRNA	A/Toronto/R8564/2009(H1N1)	H1N1	taxon:670714	Canada: Toronto, Ontario	Homo sapiens	4	2009-07-06	gender:F; age:7; nasopharyngeal swab		lineage=swl	MDCK1 passage(s)		2009.0	7.0	6.0	2008-2009	41	14	27
GQ502906.2	Influenza A virus (A/Toronto/R8557/2009(H1N1))	viral cRNA	A/Toronto/R8557/2009	H1N1	taxon:668546	Canada: Ontario	Homo sapiens; gender female; age 18	4	2009-07-03	nasopharyngeal swab		lineage: swl			2009.0	7.0	3.0	2008-2009	54	14	40
CY045978.2	Influenza A virus (A/Toronto/T9842/2009(H1N1))	viral cRNA	A/Toronto/T9842/2009(H1N1)	H1N1	taxon:671780	Canada: Ontario	Homo sapiens	4	2009-06-17	gender:M; age:9; nasopharyngeal swab		lineage=swl	MDCK1 passage(s)		2009.0	6.0	17.0	2008-2009	41	14	27
CY060750.1	Influenza A virus (A/Ontario/9739/2009(H1N1))	viral cRNA	A/Ontario/9739/2009	H1N1	taxon:754383	Canada: Ontario	human; gender M; age 25	4	2009-06-15	nasopharyngeal swab		lineage=swl	MDCK1 passage(s)		2009.0	6.0	15.0	2008-2009	44	23	21
CY060742.2	Influenza A virus (A/Ontario/9698/2009(H1N1))	viral cRNA	A/Ontario/9698/2009	H1N1	taxon:754382	Canada: Ontario	human; gender F; age 5	4	2009-06-15	nasopharyngeal swab		lineage=swl	MDCK1 passage(s)		2009.0	6.0	15.0	2008-2009	41	14	27
CY045970.2	Influenza A virus (A/Toronto/T5362/2009(H1N1))	viral cRNA	A/Toronto/T5362/2009(H1N1)	H1N1	taxon:671781	Canada: Ontario	Homo sapiens	4	2009-06-09	gender:M; age:14; nasopharyngeal swab		lineage=swl	MDCK1 passage(s)		2009.0	6.0	9.0	2008-2009	41	14	27
CY076795.2	Influenza A virus (A/Ontario/156785/2009(H1N1))	viral cRNA	A/Ontario/156785/2009	H1N1	taxon:911562	Canada: Ontario	human; gender M; age 56	4	2009-06-08	nasopharyngeal swab		lineage=swl	MDCK1 passage(s)		2009.0	6.0	8.0	2008-2009	41	14	27
CY076779.2	Influenza A virus (A/Ontario/152439/2009(H1N1))	viral cRNA	A/Ontario/152439/2009	H1N1	taxon:911560	Canada: Ontario	human; gender M; age 70	4	2009-06-04	nasopharyngeal swab		lineage=swl	MDCK1 passage(s)		2009.0	6.0	4.0	2008-2009	41	14	27
CY076787.2	Influenza A virus (A/Ontario/152846/2009(H1N1))	viral cRNA	A/Ontario/152846/2009	H1N1	taxon:911561	Canada: Ontario	human; gender F; age 88	4	2009-06-04	nasopharyngeal swab		lineage=swl	MDCK1 passage(s)		2009.0	6.0	4.0	2008-2009	41	14	27
GQ411897.1	Influenza A virus (A/Toronto/T5308/2009(H1N1))	viral cRNA	A/Toronto/T5308/2009	H1N1	taxon:662109	Canada: Ontario	Homo sapiens; gender F; age 51	4	2009-06-03	nasopharyngeal swab		lineage: swl			2009.0	6.0	3.0	2008-2009	19	17	0
CY076771.2	Influenza A virus (A/Ontario/147723/2009(H1N1))	viral cRNA	A/Ontario/147723/2009	H1N1	taxon:911559	Canada: Ontario	human; gender F; age 33	4	2009-06-02	nasopharyngeal swab		lineage=swl	MDCK1 passage(s)		2009.0	6.0	2.0	2008-2009	41	14	27
CY076763.2	Influenza A virus (A/Ontario/147265/2009(H1N1))	viral cRNA	A/Ontario/147265/2009	H1N1	taxon:911558	Canada: Ontario	human; gender F; age 49	4	2009-06-01	nasopharyngeal swab		lineage=swl	MDCK1 passage(s)		2009.0	6.0	1.0	2008-2009	41	14	27
CY045962.2	Influenza A virus (A/Toronto/T5294/2009(H1N1))	viral cRNA	A/Toronto/T5294/2009(H1N1)	H1N1	taxon:671779	Canada: Ontario	Homo sapiens	4	2009-05-30	gender:F; age:22; nasopharyngeal swab		lineage=swl	MDCK1 passage(s)		2009.0	5.0	30.0	2008-2009	41	14	27
CY076755.2	Influenza A virus (A/Ontario/142358/2009(H1N1))	viral cRNA	A/Ontario/142358/2009	H1N1	taxon:911557	Canada: Ontario	human; gender M; age 1	4	2009-05-27	nasopharyngeal swab		lineage=swl	MDCK1 passage(s)		2009.0	5.0	27.0	2008-2009	41	14	27
GQ385300.1	Influenza A virus (A/Toronto/0462/2009(H1N1))	viral cRNA	A/Toronto/0462/2009	H1N1	taxon:659605	Canada: Ontario	Homo sapiens; gender F; age 18	4	2009-05-26	nasopharyngeal swab		lineage: swl; passaged in rhesus monkey kidney cells			2009.0	5.0	26.0	2008-2009	32	22	10
CY045938.1	Influenza A virus (A/Toronto/C0270/2009(H1N1))	viral cRNA	A/Toronto/C0270/2009(H1N1)	H1N1	taxon:671777	Canada: Ontario	Homo sapiens	4	2009-05-24	gender:M; age:33; nasopharyngeal swab		lineage=swl	MDCK1 passage(s)		2009.0	5.0	24.0	2008-2009	44	27	17
CY045946.2	Influenza A virus (A/Toronto/C2781/2009(H1N1))	viral cRNA	A/Toronto/C2781/2009(H1N1)	H1N1	taxon:671776	Canada: Ontario	Homo sapiens	4	2009-05-09	gender:F; age:12; nasopharyngeal swab		lineage=swl	MDCK1 passage(s)		2009.0	5.0	9.0	2008-2009	55	28	27
GQ465678.1	Influenza A virus (A/Canada-ON/RV1589/2009(H1N1))	viral cRNA	A/Canada-ON/RV1589/2009	H1N1	taxon:665448	Canada: Ontario	Homo sapiens	4	2009-04-27		NML RV1589	lineage: swl			2009.0	4.0	27.0	2008-2009	42	14	28
HQ239416.1	Influenza A virus (A/Canada-ON/RV1545/2009(H1N1))	viral cRNA	A/Canada-ON/RV1545/2009	H1N1	taxon:885210	Canada: Ontario	Homo sapiens; gender F; age 22Y	4	2009-04-27	THT_SWAB	NML RV1545/09	lineage: swl; P1 passage(s)			2009.0	4.0	27.0	2008-2009	114	32	82
HQ239425.1	Influenza A virus (A/Canada-ON/RV1590/2009(H1N1))	viral cRNA	A/Canada-ON/RV1590/2009	H1N1	taxon:885211	Canada: Ontario	Homo sapiens; gender M; age 23Y	4	2009-04-26	NP_SWAB	NML RV1590/09	lineage: swl; P1 passage(s)			2009.0	4.0	26.0	2008-2009	114	32	82
FJ974026.3	Influenza A virus (A/Toronto/3141/2009(H1N1))	viral cRNA	A/Toronto/3141/2009	H1N1	taxon:642907	Canada: Ontario	Homo sapiens; gender M; age 28	4	2009-04-24	NP swab		lineage: swl; passaged in rhesus monkey kidney cell			2009.0	4.0	24.0	2008-2009	41	14	27
FJ998209.1	Influenza A virus (A/Canada-ON/RV1527/2009(H1N1))	viral cRNA	A/Canada-ON/RV1527/2009	H1N1	taxon:643779	Canada: Ontario	Homo sapiens	4	2009-04-24		NML RV1527				2009.0	4.0	24.0	2008-2009	42	14	28
FJ974028.1	Influenza A virus (A/Toronto/3146/2009(H1N1))	viral cRNA	A/Toronto/3146/2009	H1N1	taxon:642909	Canada	Homo sapiens; gender F; age 22	4	2009-04-01	NP swab					2009.0	4.0	1.0	2008-2009	1241	507	734
FJ974022.1	Influenza A virus (A/Toronto/3181/2009(H1N1))	viral cRNA	A/Toronto/3181/2009	H1N1	taxon:642912	Canada	Homo sapiens; gender F; age 24	4	2009-04-01	NP swab					2009.0	4.0	1.0	2008-2009	1313	165	1148
FJ974023.1	Influenza A virus (A/Toronto/3170/2009(H1N1))	viral cRNA	A/Toronto/3170/2009	H1N1	taxon:642910	Canada	Homo sapiens; gender F; age 22	4	2009-04-01	NP swab					2009.0	4.0	1.0	2008-2009	1307	159	1148
FJ974025.1	Influenza A virus (A/Toronto/3178/2009(H1N1))	viral cRNA	A/Toronto/3178/2009	H1N1	taxon:642911	Canada	Homo sapiens; gender M; age 29	4	2009-04-01	NP swab					2009.0	4.0	1.0	2008-2009	1294	133	1161
FJ974027.1	Influenza A virus (A/Toronto/3145/2009(H1N1))	viral cRNA	A/Toronto/3145/2009	H1N1	taxon:642908	Canada	Homo sapiens; gender F; age 22	4	2009-04-01	NP swab					2009.0	4.0	1.0	2008-2009	1224	491	733
FJ974024.3	Influenza A virus (A/Toronto/3184/2009(H1N1))	viral cRNA	A/Toronto/3184/2009	H1N1	taxon:642913	Canada	Homo sapiens; gender F; age 22	4	2009-04-01	NP swab					2009.0	4.0	1.0	2008-2009	41	14	27
GQ132144.1	Influenza A virus (A/Canada-ON/RV1529/2009(H1N1))	viral cRNA	A/Canada-ON/RV1529/2009	H1N1	taxon:644377	Canada: Ontario	Homo sapiens	4	2009-01-01		NML RV1529				2009.0	1.0	1.0	2008-2009	42	14	28
GQ132143.1	Influenza A virus (A/Canada-ON/RV1526/2009(H1N1))	viral cRNA	A/Canada-ON/RV1526/2009	H1N1	taxon:644375	Canada: Ontario	Homo sapiens	4	2009-01-01		NML RV1526				2009.0	1.0	1.0	2008-2009	42	14	28
CY081093.2	Influenza A virus (A/Ontario/778873/2010(H1N1))	viral cRNA	A/Ontario/778873/2010	H1N1	taxon:979623	Canada: Ontario	human; gender M; age 15	4	2010-01-01	nasopharyngeal swab			GMKC1 passage(s)		2010.0	1.0	1.0	2009-2010	41	14	27
HQ239460.2	Influenza A virus (A/Canada-ON/RV2017-10/2009(H1N1))	viral cRNA	A/Canada-ON/RV2017-10/2009	H1N1	taxon:885214	Canada: Ontario	Homo sapiens	4	2009-12-02	NASW	NML RV2017/10	lineage: swl; P1 passage(s)			2009.0	12.0	2.0	2009-2010	114	32	82
CY060726.2	Influenza A virus (A/Ontario/328474/2009(H1N1))	viral cRNA	A/Ontario/328474/2009	H1N1	taxon:754380	Canada: Ontario	human; gender M; age 14	4	2009-11-17	nasopharyngeal swab		lineage=swl	MDCK1 passage(s)		2009.0	11.0	17.0	2009-2010	41	14	27
HQ239459.2	Influenza A virus (A/Canada-ON/RV2016-10/2009(H1N1))	viral cRNA	A/Canada-ON/RV2016-10/2009	H1N1	taxon:885213	Canada: Ontario	Homo sapiens	4	2009-11-16	ASP	NML RV2016/10	lineage: swl; P1 passage(s)			2009.0	11.0	16.0	2009-2010	114	32	82
HQ239458.2	Influenza A virus (A/Canada-ON/RV2015-10/2009(H1N1))	viral cRNA	A/Canada-ON/RV2015-10/2009	H1N1	taxon:885212	Canada: Ontario	Homo sapiens	4	2009-11-09	NASW	NML RV2015/10	lineage: swl; P1 passage(s)			2009.0	11.0	9.0	2009-2010	114	32	82
CY060718.2	Influenza A virus (A/Ontario/320266/2009(H1N1))	viral cRNA	A/Ontario/320266/2009	H1N1	taxon:754379	Canada: Ontario	human; gender M; age 55	4	2009-11-08	nasopharyngeal swab		lineage=swl	MDCK1 passage(s)		2009.0	11.0	8.0	2009-2010	41	14	27
CY060678.2	Influenza A virus (A/Ontario/315107/2009(H1N1))	viral cRNA	A/Ontario/315107/2009	H1N1	taxon:754374	Canada: Ontario	human; gender F; age 24	4	2009-11-04	nasopharyngeal swab		lineage=swl	MDCK1 passage(s)		2009.0	11.0	4.0	2009-2010	41	14	27
CY060710.2	Influenza A virus (A/Ontario/315637/2009(H1N1))	viral cRNA	A/Ontario/315637/2009	H1N1	taxon:754378	Canada: Ontario	human; gender F; age 25	4	2009-11-04	nasopharyngeal swab		lineage=swl	MDCK1 passage(s)		2009.0	11.0	4.0	2009-2010	41	14	27
CY060662.2	Influenza A virus (A/Ontario/315015/2009(H1N1))	viral cRNA	A/Ontario/315015/2009	H1N1	taxon:754372	Canada: Ontario	human; gender M; age 6	4	2009-11-04	nasopharyngeal swab		lineage=swl	MDCK1 passage(s)		2009.0	11.0	4.0	2009-2010	41	14	27
CY060638.2	Influenza A virus (A/Ontario/314137/2009(H1N1))	viral cRNA	A/Ontario/314137/2009	H1N1	taxon:754369	Canada: Ontario	human; gender M; age 9	4	2009-11-03	nasopharyngeal swab		lineage=swl	MDCK1 passage(s)		2009.0	11.0	3.0	2009-2010	41	14	27
CY060686.2	Influenza A virus (A/Ontario/315181/2009(H1N1))	viral cRNA	A/Ontario/315181/2009	H1N1	taxon:754375	Canada: Ontario	human; gender M; age 5	4	2009-11-03	nasopharyngeal swab		lineage=swl	MDCK1 passage(s)		2009.0	11.0	3.0	2009-2010	41	14	27
CY060654.2	Influenza A virus (A/Ontario/315003/2009(H1N1))	viral cRNA	A/Ontario/315003/2009	H1N1	taxon:754371	Canada: Ontario	human; gender F; age 39	4	2009-11-03	nasopharyngeal swab		lineage=swl	MDCK1 passage(s)		2009.0	11.0	3.0	2009-2010	41	14	27
CY060702.2	Influenza A virus (A/Ontario/315613/2009(H1N1))	viral cRNA	A/Ontario/315613/2009	H1N1	taxon:754377	Canada: Ontario	human; gender F; age 33	4	2009-11-03	nasopharyngeal swab		lineage=swl	MDCK1 passage(s)		2009.0	11.0	3.0	2009-2010	41	14	27
CY060694.2	Influenza A virus (A/Ontario/315187/2009(H1N1))	viral cRNA	A/Ontario/315187/2009	H1N1	taxon:754376	Canada: Ontario	human; gender F; age 14	4	2009-11-03	nasopharyngeal swab		lineage=swl	MDCK1 passage(s)		2009.0	11.0	3.0	2009-2010	41	14	27
CY060630.2	Influenza A virus (A/Ontario/314095/2009(H1N1))	viral cRNA	A/Ontario/314095/2009	H1N1	taxon:754368	Canada: Ontario	human; gender F; age 24	4	2009-11-02	nasopharyngeal swab		lineage=swl	MDCK1 passage(s)		2009.0	11.0	2.0	2009-2010	41	14	27
CY060670.2	Influenza A virus (A/Ontario/315047/2009(H1N1))	viral cRNA	A/Ontario/315047/2009	H1N1	taxon:754373	Canada: Ontario	human; gender M; age 7	4	2009-11-02	nasopharyngeal swab		lineage=swl	MDCK1 passage(s)		2009.0	11.0	2.0	2009-2010	41	14	27
CY060646.2	Influenza A virus (A/Ontario/314603/2009(H1N1))	viral cRNA	A/Ontario/314603/2009	H1N1	taxon:754370	Canada: Ontario	human; gender M; age 17	4	2009-11-02	nasopharyngeal swab		lineage=swl	MDCK1 passage(s)		2009.0	11.0	2.0	2009-2010	41	14	27
CY060622.2	Influenza A virus (A/Ontario/313762/2009(H1N1))	viral cRNA	A/Ontario/313762/2009	H1N1	taxon:754367	Canada: Ontario	human; gender F; age 14	4	2009-10-30	nasopharyngeal swab		lineage=swl	MDCK1 passage(s)		2009.0	10.0	30.0	2009-2010	41	14	27
CY060614.2	Influenza A virus (A/Ontario/309862/2009(H1N1))	viral cRNA	A/Ontario/309862/2009	H1N1	taxon:754366	Canada: Ontario	human; gender M; age 25	4	2009-10-29	nasopharyngeal swab		lineage=swl	MDCK1 passage(s)		2009.0	10.0	29.0	2009-2010	41	14	27
CY060606.2	Influenza A virus (A/Ontario/308054/2009(H1N1))	viral cRNA	A/Ontario/308054/2009	H1N1	taxon:754365	Canada: Ontario	human; gender F; age 44	4	2009-10-28	nasopharyngeal swab		lineage=swl	MDCK1 passage(s)		2009.0	10.0	28.0	2009-2010	41	14	27
CY060598.2	Influenza A virus (A/Ontario/305598/2009(H1N1))	viral cRNA	A/Ontario/305598/2009	H1N1	taxon:754364	Canada: Ontario	human; gender F; age 1	4	2009-10-27	nasopharyngeal swab		lineage=swl	MDCK1 passage(s)		2009.0	10.0	27.0	2009-2010	41	14	27
CY060590.2	Influenza A virus (A/Ontario/305139/2009(H1N1))	viral cRNA	A/Ontario/305139/2009	H1N1	taxon:754363	Canada: Ontario	human; gender F; age 39	4	2009-10-27	nasopharyngeal swab		lineage=swl	MDCK1 passage(s)		2009.0	10.0	27.0	2009-2010	41	14	27
CY060582.2	Influenza A virus (A/Ontario/304434/2009(H1N1))	viral cRNA	A/Ontario/304434/2009	H1N1	taxon:754362	Canada: Ontario	human; gender F; age 25	4	2009-10-24	nasopharyngeal swab		lineage=swl	MDCK1 passage(s)		2009.0	10.0	24.0	2009-2010	41	14	27
CY060574.2	Influenza A virus (A/Ontario/29801/2009(H1N1))	viral cRNA	A/Ontario/29801/2009	H1N1	taxon:754361	Canada: Ontario	human; gender M; age 17	4	2009-10-19	nasopharyngeal swab		lineage=swl	MDCK1 passage(s)		2009.0	10.0	19.0	2009-2010	41	14	27
CY060566.2	Influenza A virus (A/Ontario/296008/2009(H1N1))	viral cRNA	A/Ontario/296008/2009	H1N1	taxon:754360	Canada: Ontario	human; gender F; age 31	4	2009-10-18	nasopharyngeal swab		lineage=swl	MDCK1 passage(s)		2009.0	10.0	18.0	2009-2010	41	14	27
HQ239614.1	Influenza A virus (A/Canada-ON/RV2967/2009(H1N1))	viral cRNA	A/Canada-ON/RV2967/2009	H1N1	taxon:885237	Canada: Ontario	Homo sapiens; gender F; age 27Y	4	2009-10-16	TCF	NML RV2967/09	lineage: swl; P1 passage(s)			2009.0	10.0	16.0	2009-2010	114	32	82
HQ239616.1	Influenza A virus (A/Canada-ON/RV2984/2009(H1N1))	viral cRNA	A/Canada-ON/RV2984/2009	H1N1	taxon:885239	Canada: Ontario	Homo sapiens; gender M; age 21Y	4	2009-10-16	TCF	NML RV2984/09	lineage: swl; P1 passage(s)			2009.0	10.0	16.0	2009-2010	114	32	82
HQ239613.1	Influenza A virus (A/Canada-ON/RV2966/2009(H1N1))	viral cRNA	A/Canada-ON/RV2966/2009	H1N1	taxon:885236	Canada: Ontario	Homo sapiens; gender M; age 21Y	4	2009-10-15	TCF	NML RV2966/09	lineage: swl; P1 passage(s)			2009.0	10.0	15.0	2009-2010	114	32	82
HQ239570.1	Influenza A virus (A/Canada-ON/RV2891/2009(H1N1))	viral cRNA	A/Canada-ON/RV2891/2009	H1N1	taxon:885219	Canada: Ontario	Homo sapiens; gender M; age 32Y	4	2009-10-15	TCF	NML RV2891/09	lineage: swl; P1 passage(s)			2009.0	10.0	15.0	2009-2010	114	32	82
HQ239566.1	Influenza A virus (A/Canada-ON/RV2887/2009(H1N1))	viral cRNA	A/Canada-ON/RV2887/2009	H1N1	taxon:885215	Canada: Ontario	Homo sapiens; gender M; age 26Y	4	2009-10-15	TCF	NML RV2887/09	lineage: swl; P1 passage(s)			2009.0	10.0	15.0	2009-2010	114	32	82
HQ239617.1	Influenza A virus (A/Canada-ON/RV2985/2009(H1N1))	viral cRNA	A/Canada-ON/RV2985/2009	H1N1	taxon:885240	Canada: Ontario	Homo sapiens; gender F; age 32Y	4	2009-10-14	TCF	NML RV2985/09	lineage: swl; P1 passage(s)			2009.0	10.0	14.0	2009-2010	114	32	82
HQ239612.1	Influenza A virus (A/Canada-ON/RV2965/2009(H1N1))	viral cRNA	A/Canada-ON/RV2965/2009	H1N1	taxon:885235	Canada: Ontario	Homo sapiens; gender F; age 26Y	4	2009-10-14	TCF	NML RV2965/09	lineage: swl; P1 passage(s)			2009.0	10.0	14.0	2009-2010	114	32	82
HQ239611.1	Influenza A virus (A/Canada-ON/RV2964/2009(H1N1))	viral cRNA	A/Canada-ON/RV2964/2009	H1N1	taxon:885234	Canada: Ontario	Homo sapiens; gender F; age 20Y	4	2009-10-14	TCF	NML RV2964/09	lineage: swl; P1 passage(s)			2009.0	10.0	14.0	2009-2010	114	32	82
HQ239615.1	Influenza A virus (A/Canada-ON/RV2983/2009(H1N1))	viral cRNA	A/Canada-ON/RV2983/2009	H1N1	taxon:885238	Canada: Ontario	Homo sapiens; gender F; age 3Y	4	2009-10-14	TCF	NML RV2983/09	lineage: swl; P1 passage(s)			2009.0	10.0	14.0	2009-2010	114	32	82
HQ239610.1	Influenza A virus (A/Canada-ON/RV2963/2009(H1N1))	viral cRNA	A/Canada-ON/RV2963/2009	H1N1	taxon:885233	Canada: Ontario	Homo sapiens; gender F; age 7mo	4	2009-10-11	TCF	NML RV2963/09	lineage: swl; P1 passage(s)			2009.0	10.0	11.0	2009-2010	114	32	82
HQ239609.1	Influenza A virus (A/Canada-ON/RV2962/2009(H1N1))	viral cRNA	A/Canada-ON/RV2962/2009	H1N1	taxon:885232	Canada: Ontario	Homo sapiens; gender M; age 16Y	4	2009-10-09	TCF	NML RV2962/09	lineage: swl; P1 passage(s)			2009.0	10.0	9.0	2009-2010	114	32	82
HQ239580.1	Influenza A virus (A/Canada-ON/RV2913/2009(H1N1))	viral cRNA	A/Canada-ON/RV2913/2009	H1N1	taxon:885229	Canada: Ontario	Homo sapiens; gender M; age 19Y	4	2009-10-02	TCF	NML RV2913/09	lineage: swl; P1 passage(s)			2009.0	10.0	2.0	2009-2010	114	32	82
HQ239579.1	Influenza A virus (A/Canada-ON/RV2912/2009(H1N1))	viral cRNA	A/Canada-ON/RV2912/2009	H1N1	taxon:885228	Canada: Ontario	Homo sapiens; gender F; age 28Y	4	2009-10-01	TCF	NML RV2912/09	lineage: swl; P1 passage(s)			2009.0	10.0	1.0	2009-2010	114	32	82
HQ239578.1	Influenza A virus (A/Canada-ON/RV2910/2009(H1N1))	viral cRNA	A/Canada-ON/RV2910/2009	H1N1	taxon:885227	Canada: Ontario	Homo sapiens; gender F; age 15Y	4	2009-09-29	TCF	NML RV2910/09	lineage: swl; P1 passage(s)			2009.0	9.0	29.0	2009-2010	114	32	82
HQ239577.1	Influenza A virus (A/Canada-ON/RV2909/2009(H1N1))	viral cRNA	A/Canada-ON/RV2909/2009	H1N1	taxon:885226	Canada: Ontario	Homo sapiens; gender F; age 17Y	4	2009-09-29	TCF	NML RV2909/09	lineage: swl; P1 passage(s)			2009.0	9.0	29.0	2009-2010	114	32	82
HQ239576.1	Influenza A virus (A/Canada-ON/RV2908/2009(H1N1))	viral cRNA	A/Canada-ON/RV2908/2009	H1N1	taxon:885225	Canada: Ontario	Homo sapiens; gender M; age 21Y	4	2009-09-29	TCF	NML RV2908/09	lineage: swl; P1 passage(s)			2009.0	9.0	29.0	2009-2010	114	32	82
CY060558.2	Influenza A virus (A/Ontario/26184/2009(H1N1))	viral cRNA	A/Ontario/26184/2009	H1N1	taxon:754359	Canada: Ontario	human; gender F; age 41	4	2009-09-29	nasopharyngeal swab		lineage=swl	MDCK1 passage(s)		2009.0	9.0	29.0	2009-2010	24	16	8
HQ239571.1	Influenza A virus (A/Canada-ON/RV2892/2009(H1N1))	viral cRNA	A/Canada-ON/RV2892/2009	H1N1	taxon:885220	Canada: Ontario	Homo sapiens; gender M; age 18Y	4	2009-09-27	TCF	NML RV2892/09	lineage: swl; P1 passage(s)			2009.0	9.0	27.0	2009-2010	114	32	82
HQ239575.1	Influenza A virus (A/Canada-ON/RV2907/2009(H1N1))	viral cRNA	A/Canada-ON/RV2907/2009	H1N1	taxon:885224	Canada: Ontario	Homo sapiens; gender F; age 21Y	4	2009-09-26	TCF	NML RV2907/09	lineage: swl; P1 passage(s)			2009.0	9.0	26.0	2009-2010	114	32	82
HQ239608.1	Influenza A virus (A/Canada-ON/RV2961/2009(H1N1))	viral cRNA	A/Canada-ON/RV2961/2009	H1N1	taxon:885231	Canada: Ontario	Homo sapiens; gender M; age 11mo	4	2009-09-25	TCF	NML RV2961/09	lineage: swl; P1 passage(s)			2009.0	9.0	25.0	2009-2010	114	32	82
HQ239569.1	Influenza A virus (A/Canada-ON/RV2890/2009(H1N1))	viral cRNA	A/Canada-ON/RV2890/2009	H1N1	taxon:885218	Canada: Ontario	Homo sapiens; gender F; age 51Y	4	2009-09-24	TCF	NML RV2890/09	lineage: swl; P1 passage(s)			2009.0	9.0	24.0	2009-2010	114	32	82
HQ239568.1	Influenza A virus (A/Canada-ON/RV2889/2009(H1N1))	viral cRNA	A/Canada-ON/RV2889/2009	H1N1	taxon:885217	Canada: Ontario	Homo sapiens; gender M; age 9Y	4	2009-09-22	TCF	NML RV2889/09	lineage: swl; P1 passage(s)			2009.0	9.0	22.0	2009-2010	114	32	82
HQ239581.1	Influenza A virus (A/Canada-ON/RV2914/2009(H1N1))	viral cRNA	A/Canada-ON/RV2914/2009	H1N1	taxon:885230	Canada: Ontario	Homo sapiens; gender M; age 35Y	4	2009-09-17	TCF	NML RV2914/09	lineage: swl; P1 passage(s)			2009.0	9.0	17.0	2009-2010	114	32	82
HQ239574.1	Influenza A virus (A/Canada-ON/RV2906/2009(H1N1))	viral cRNA	A/Canada-ON/RV2906/2009	H1N1	taxon:885223	Canada: Ontario	Homo sapiens; gender F; age 7Y	4	2009-09-14	TCF	NML RV2906/09	lineage: swl; P1 passage(s)			2009.0	9.0	14.0	2009-2010	114	32	82
CY060550.2	Influenza A virus (A/Ontario/25913/2009(H1N1))	viral cRNA	A/Ontario/25913/2009	H1N1	taxon:754358	Canada: Ontario	human; gender M; age 25	4	2009-09-07	nasopharyngeal swab; oseltamivir resistant		lineage=swl	MDCK1 passage(s)		2009.0	9.0	7.0	2009-2010	41	14	27
HQ239572.1	Influenza A virus (A/Canada-ON/RV2904/2009(H1N1))	viral cRNA	A/Canada-ON/RV2904/2009	H1N1	taxon:885221	Canada: Ontario	Homo sapiens; gender M; age 2Y	4	2009-09-07	TCF	NML RV2904/09	lineage: swl; P1 passage(s)			2009.0	9.0	7.0	2009-2010	114	32	82
CY081101.2	Influenza A virus (A/Ontario/804635/2010(H1N1))	viral cRNA	A/Ontario/804635/2010	H1N1	taxon:979626	Canada: Ontario	human; gender F; age 2M	4	2010-12-14	nasopharyngeal swab			GMKC1 passage(s)		2010.0	12.0	14.0	2010-2011	41	14	27
CY081069.2	Influenza A virus (A/Ontario/3620/2010(H1N1))	viral cRNA	A/Ontario/3620/2010	H1N1	taxon:979621	Canada: Ontario	human; gender F; age 53	4	2010-11-24	nasopharyngeal swab			GMKC1 passage(s)		2010.0	11.0	24.0	2010-2011	41	14	27
CY081085.2	Influenza A virus (A/Ontario/741328/2010(H1N1))	viral cRNA	A/Ontario/741328/2010	H1N1	taxon:979624	Canada: Ontario	human; gender M; age 42	4	2010-11-23	nasopharyngeal swab			GMKC1 passage(s)		2010.0	11.0	23.0	2010-2011	41	14	27
CY081077.2	Influenza A virus (A/Ontario/720545/2010(H1N1))	viral cRNA	A/Ontario/720545/2010	H1N1	taxon:979625	Canada: Ontario	human; gender F; age 5	4	2010-11-17	nasopharyngeal swab			GMKC1 passage(s)		2010.0	11.0	17.0	2010-2011	41	14	27
CY081061.2	Influenza A virus (A/Ontario/130741/2010(H1N1))	viral cRNA	A/Ontario/130741/2010	H1N1	taxon:979622	Canada: Ontario	human; gender M; age 50	4	2010-10-13	nasopharyngeal swab			GMKC1 passage(s)		2010.0	10.0	13.0	2010-2011	41	14	27
JX875001.1	Influenza A virus (A/Ontario/N163578/2012(H1N1))	viral cRNA	A/Ontario/N163578/2012	H1N1	taxon:1236561	Canada	Homo sapiens; gender M; age 37Y	4	2012-08-10	NPS		RMK 1st passage			2012.0	8.0	10.0	2011-2012	84	32	52
KF551079.1	Influenza A virus (A/Ontario/026/2012(H1N1))	viral cRNA	A/Ontario/026/2012	H1N1	taxon:1389050	Canada: Ontario	Homo sapiens	4	2012-03-28	NPS		lineage:swl			2012.0	3.0	28.0	2011-2012	84	32	52
KF551095.1	Influenza A virus (A/Ontario/025/2012(H1N1))	viral cRNA	A/Ontario/025/2012	H1N1	taxon:1389048	Canada: Ontario	Homo sapiens	4	2012-03-14	NPS		lineage:swl			2012.0	3.0	14.0	2011-2012	84	32	52
KF551093.1	Influenza A virus (A/Ontario/023/2012(H1N1))	viral cRNA	A/Ontario/023/2012	H1N1	taxon:1389045	Canada: Ontario	Homo sapiens	4	2012-03-13	NPS		lineage:swl			2012.0	3.0	13.0	2011-2012	84	32	52
KF551092.1	Influenza A virus (A/Ontario/022/2012(H1N1))	viral cRNA	A/Ontario/022/2012	H1N1	taxon:1389044	Canada: Ontario	Homo sapiens	4	2012-03-12	NPS		lineage:swl			2012.0	3.0	12.0	2011-2012	84	32	52
KF551094.1	Influenza A virus (A/Ontario/024/2012(H1N1))	viral cRNA	A/Ontario/024/2012	H1N1	taxon:1389046	Canada: Ontario	Homo sapiens	4	2012-03-09	NPS		lineage:swl			2012.0	3.0	9.0	2011-2012	84	32	52
KF551091.1	Influenza A virus (A/Ontario/019/2012(H1N1))	viral cRNA	A/Ontario/019/2012	H1N1	taxon:1389041	Canada: Ontario	Homo sapiens	4	2012-03-07	nasal		lineage:swl			2012.0	3.0	7.0	2011-2012	84	32	52
KF551090.1	Influenza A virus (A/Ontario/018/2012(H1N1))	viral cRNA	A/Ontario/018/2012	H1N1	taxon:1389040	Canada: Ontario	Homo sapiens	4	2012-03-07	nasal		lineage:swl			2012.0	3.0	7.0	2011-2012	84	32	52
KF551089.1	Influenza A virus (A/Ontario/016/2012(H1N1))	viral cRNA	A/Ontario/016/2012	H1N1	taxon:1389038	Canada: Ontario	Homo sapiens	4	2012-03-05	NPS		lineage:swl			2012.0	3.0	5.0	2011-2012	84	32	52
KF551088.1	Influenza A virus (A/Ontario/013/2012(H1N1))	viral cRNA	A/Ontario/013/2012	H1N1	taxon:1389035	Canada: Ontario	Homo sapiens	4	2012-02-29	NPS		lineage:swl			2012.0	2.0	29.0	2011-2012	84	32	52
KF551087.1	Influenza A virus (A/Ontario/011/2012(H1N1))	viral cRNA	A/Ontario/011/2012	H1N1	taxon:1389034	Canada: Ontario	Homo sapiens	4	2012-02-28	nasal		lineage:swl			2012.0	2.0	28.0	2011-2012	84	32	52
KF551086.1	Influenza A virus (A/Ontario/010/2012(H1N1))	viral cRNA	A/Ontario/010/2012	H1N1	taxon:1389033	Canada: Ontario	Homo sapiens	4	2012-02-23			lineage:swl			2012.0	2.0	23.0	2011-2012	84	32	52
KF551084.1	Influenza A virus (A/Ontario/007/2012(H1N1))	viral cRNA	A/Ontario/007/2012	H1N1	taxon:1389030	Canada: Ontario	Homo sapiens	4	2012-02-21	NPS		lineage:swl			2012.0	2.0	21.0	2011-2012	84	32	52
KF551085.1	Influenza A virus (A/Ontario/008/2012(H1N1))	viral cRNA	A/Ontario/008/2012	H1N1	taxon:1389031	Canada: Ontario	Homo sapiens	4	2012-02-17	NPS		lineage:swl			2012.0	2.0	17.0	2011-2012	84	32	52
KF551083.1	Influenza A virus (A/Ontario/006/2012(H1N1))	viral cRNA	A/Ontario/006/2012	H1N1	taxon:1389029	Canada: Ontario	Homo sapiens	4	2012-02-02	NPS		lineage:swl			2012.0	2.0	2.0	2011-2012	84	32	52
KF551096.1	Influenza A virus (A/Ontario/004/2012(H1N1))	viral cRNA	A/Ontario/004/2012	H1N1	taxon:1389027	Canada: Ontario	Homo sapiens	4	2012-01-25	nasal		lineage:swl			2012.0	1.0	25.0	2011-2012	84	32	52
KF551081.1	Influenza A virus (A/Ontario/002/2012(H1N1))	viral cRNA	A/Ontario/002/2012	H1N1	taxon:1389025	Canada: Ontario	Homo sapiens	4	2012-01-16	NPS		lineage:swl			2012.0	1.0	16.0	2011-2012	84	32	52
KF551080.1	Influenza A virus (A/Ontario/026/2011(H1N1))	viral cRNA	A/Ontario/026/2011	H1N1	taxon:1389049	Canada: Ontario	Homo sapiens	4	2011-12-16	NPS		lineage:swl			2011.0	12.0	16.0	2011-2012	84	32	52
KF886379.1	Influenza A virus (A/Ontario/044/2013(H1N1))	viral cRNA	A/Ontario/044/2013	H1N1	taxon:1428725	Canada: Ontario	Homo sapiens	4	2013-03-08	NPS					2013.0	3.0	8.0	2012-2013	84	32	52
KF886366.1	Influenza A virus (A/Ontario/043/2013(H1N1))	viral cRNA	A/Ontario/043/2013	H1N1	taxon:1428712	Canada: Ontario	Homo sapiens	4	2013-03-05	NPS					2013.0	3.0	5.0	2012-2013	84	32	52
KF886376.1	Influenza A virus (A/Ontario/045/2013(H1N1))	viral cRNA	A/Ontario/045/2013	H1N1	taxon:1428722	Canada: Ontario	Homo sapiens	4	2013-02-26	NPS					2013.0	2.0	26.0	2012-2013	84	32	52
KF886371.1	Influenza A virus (A/Ontario/039/2013(H1N1))	viral cRNA	A/Ontario/039/2013	H1N1	taxon:1428717	Canada: Ontario	Homo sapiens	4	2013-02-25	NPS					2013.0	2.0	25.0	2012-2013	84	32	52
KF886378.1	Influenza A virus (A/Ontario/040/2013(H1N1))	viral cRNA	A/Ontario/040/2013	H1N1	taxon:1428724	Canada: Ontario	Homo sapiens	4	2013-02-21	nasal					2013.0	2.0	21.0	2012-2013	84	32	52
KF886365.1	Influenza A virus (A/Ontario/034/2013(H1N1))	viral cRNA	A/Ontario/034/2013	H1N1	taxon:1428711	Canada: Ontario	Homo sapiens	4	2013-02-02	NPS					2013.0	2.0	2.0	2012-2013	84	32	52
KF886370.1	Influenza A virus (A/Ontario/029/2013(H1N1))	viral cRNA	A/Ontario/029/2013	H1N1	taxon:1428716	Canada: Ontario	Homo sapiens	4	2013-01-31	NPS					2013.0	1.0	31.0	2012-2013	84	32	52
KF886375.1	Influenza A virus (A/Ontario/032/2013(H1N1))	viral cRNA	A/Ontario/032/2013	H1N1	taxon:1428721	Canada: Ontario	Homo sapiens	4	2013-01-30	NPS					2013.0	1.0	30.0	2012-2013	84	32	52
KF886373.1	Influenza A virus (A/Ontario/033/2013(H1N1))	viral cRNA	A/Ontario/033/2013	H1N1	taxon:1428719	Canada: Ontario	Homo sapiens	4	2013-01-30	NPS					2013.0	1.0	30.0	2012-2013	84	32	52
KF886369.1	Influenza A virus (A/Ontario/031/2013(H1N1))	viral cRNA	A/Ontario/031/2013	H1N1	taxon:1428715	Canada: Ontario	Homo sapiens	4	2013-01-30	NPS					2013.0	1.0	30.0	2012-2013	84	32	52
KF886367.1	Influenza A virus (A/Ontario/020/2013(H1N1))	viral cRNA	A/Ontario/020/2013	H1N1	taxon:1428713	Canada: Ontario	Homo sapiens	4	2013-01-22	NPS					2013.0	1.0	22.0	2012-2013	84	32	52
KF886381.1	Influenza A virus (A/Ontario/026/2013(H1N1))	viral cRNA	A/Ontario/026/2013	H1N1	taxon:1428727	Canada: Ontario	Homo sapiens	4	2013-01-19	NPS					2013.0	1.0	19.0	2012-2013	84	32	52
KF886374.1	Influenza A virus (A/Ontario/024/2013(H1N1))	viral cRNA	A/Ontario/024/2013	H1N1	taxon:1428720	Canada: Ontario	Homo sapiens	4	2013-01-19	NPS					2013.0	1.0	19.0	2012-2013	84	32	52
KF886372.1	Influenza A virus (A/Ontario/014/2013(H1N1))	viral cRNA	A/Ontario/014/2013	H1N1	taxon:1428718	Canada: Ontario	Homo sapiens	4	2013-01-15	NPS					2013.0	1.0	15.0	2012-2013	84	32	52
KF886377.1	Influenza A virus (A/Ontario/012/2013(H1N1))	viral cRNA	A/Ontario/012/2013	H1N1	taxon:1428723	Canada: Ontario	Homo sapiens	4	2013-01-15	NPS					2013.0	1.0	15.0	2012-2013	84	32	52
KF886380.1	Influenza A virus (A/Ontario/011/2013(H1N1))	viral cRNA	A/Ontario/011/2013	H1N1	taxon:1428726	Canada: Ontario	Homo sapiens	4	2013-01-14	NPS					2013.0	1.0	14.0	2012-2013	84	32	52
KF551082.1	Influenza A virus (A/Ontario/003/2012(H1N1))	viral cRNA	A/Ontario/003/2012	H1N1	taxon:1389026	Canada: Ontario	Homo sapiens	4	2012-12-27	NPS		lineage:swl			2012.0	12.0	27.0	2012-2013	84	32	52
KF886368.1	Influenza A virus (A/Ontario/033/2012(H1N1))	viral cRNA	A/Ontario/033/2012	H1N1	taxon:1428714	Canada: Ontario	Homo sapiens	4	2012-11-19	NPS					2012.0	11.0	19.0	2012-2013	84	32	52
KP864399.1	Influenza A virus (A/Ontario/05/2014(H1N1))	viral cRNA	A/Ontario/05/2014	H1N1	taxon:1621951	Canada: Ontario	Homo sapiens	4	2014-02-11	nasopharyngeal swab					2014.0	2.0	11.0	2013-2014	80	14	66
KP864397.1	Influenza A virus (A/Ontario/04/2014(H1N1))	viral cRNA	A/Ontario/04/2014	H1N1	taxon:1621950	Canada: Ontario	Homo sapiens	4	2014-01-29	nasopharyngeal swab					2014.0	1.0	29.0	2013-2014	41	14	27
KP864398.1	Influenza A virus (A/Ontario/03/2014(H1N1))	viral cRNA	A/Ontario/03/2014	H1N1	taxon:1621949	Canada: Ontario	Homo sapiens	4	2014-01-15	nasopharyngeal swab					2014.0	1.0	15.0	2013-2014	41	14	27
KP864396.1	Influenza A virus (A/Ontario/02/2014(H1N1))	viral cRNA	A/Ontario/02/2014	H1N1	taxon:1621948	Canada: Ontario	Homo sapiens	4	2014-01-10	nasopharyngeal swab					2014.0	1.0	10.0	2013-2014	41	14	27
KJ406387.1	Influenza A virus (A/Ontario/56/2013(H1N1))	viral cRNA	A/Ontario/56/2013	H1N1	taxon:1458530	Canada: Ontario	Homo sapiens	4	2013-12-10	nasal		lineage: swl			2013.0	12.0	10.0	2013-2014	40	32	8
KJ406385.1	Influenza A virus (A/Ontario/53/2013(H1N1))	viral cRNA	A/Ontario/53/2013	H1N1	taxon:1458527	Canada: Ontario	Homo sapiens	4	2013-12-09	NPS		lineage: swl			2013.0	12.0	9.0	2013-2014	40	32	8
KJ406384.1	Influenza A virus (A/Ontario/52/2013(H1N1))	viral cRNA	A/Ontario/52/2013	H1N1	taxon:1458526	Canada: Ontario	Homo sapiens	4	2013-12-09	NPS		lineage: swl			2013.0	12.0	9.0	2013-2014	40	32	8
KJ406386.1	Influenza A virus (A/Ontario/55/2013(H1N1))	viral cRNA	A/Ontario/55/2013	H1N1	taxon:1458529	Canada: Ontario	Homo sapiens	4	2013-12-07	nasal		lineage: swl			2013.0	12.0	7.0	2013-2014	40	32	8
KJ406382.1	Influenza A virus (A/Ontario/51/2013(H1N1))	viral cRNA	A/Ontario/51/2013	H1N1	taxon:1458525	Canada: Ontario	Homo sapiens	4	2013-12-06	nasal		lineage: swl			2013.0	12.0	6.0	2013-2014	40	32	8
KJ406380.1	Influenza A virus (A/Ontario/54/2013(H1N1))	viral cRNA	A/Ontario/54/2013	H1N1	taxon:1458528	Canada: Ontario	Homo sapiens	4	2013-12-06	NPS		lineage: swl			2013.0	12.0	6.0	2013-2014	40	32	8
KJ406379.1	Influenza A virus (A/Ontario/50/2013(H1N1))	viral cRNA	A/Ontario/50/2013	H1N1	taxon:1458524	Canada: Ontario	Homo sapiens	4	2013-12-05	NPS		lineage: swl			2013.0	12.0	5.0	2013-2014	40	32	8
KJ406383.1	Influenza A virus (A/Ontario/49/2013(H1N1))	viral cRNA	A/Ontario/49/2013	H1N1	taxon:1458523	Canada: Ontario	Homo sapiens	4	2013-12-04	NPS		lineage: swl			2013.0	12.0	4.0	2013-2014	40	32	8
KJ406381.1	Influenza A virus (A/Ontario/48/2013(H1N1))	viral cRNA	A/Ontario/48/2013	H1N1	taxon:1458522	Canada: Ontario	Homo sapiens	4	2013-11-20	nasal		lineage: swl			2013.0	11.0	20.0	2013-2014	40	32	8
MF195582.1	Influenza A virus (A/Ontario/238/2016(H1N1))	viral cRNA	A/Ontario/238/2016	H1N1	taxon:2007675	Canada: Ontario	Homo sapiens	4	2016-04-25	nasopharyngeal wash		passage details: original specimen			2016.0	4.0	25.0	2015-2016	857	32	825
MF195581.1	Influenza A virus (A/Ontario/237/2016(H1N1))	viral cRNA	A/Ontario/237/2016	H1N1	taxon:2007674	Canada: Ontario	Homo sapiens	4	2016-04-20	nasopharyngeal wash		passage details: original specimen			2016.0	4.0	20.0	2015-2016	825	0	825
MF195580.1	Influenza A virus (A/Ontario/235/2016(H1N1))	viral cRNA	A/Ontario/235/2016	H1N1	taxon:2007673	Canada: Ontario	Homo sapiens	4	2016-04-19	nasopharyngeal wash		passage details: original specimen			2016.0	4.0	19.0	2015-2016	825	0	825
MF195579.1	Influenza A virus (A/Ontario/234/2016(H1N1))	viral cRNA	A/Ontario/234/2016	H1N1	taxon:2007672	Canada: Ontario	Homo sapiens	4	2016-04-18	nasopharyngeal wash		passage details: original specimen			2016.0	4.0	18.0	2015-2016	857	32	825
MF195578.1	Influenza A virus (A/Ontario/230/2016(H1N1))	viral cRNA	A/Ontario/230/2016	H1N1	taxon:2007669	Canada: Ontario	Homo sapiens	4	2016-04-11	nasopharyngeal wash		passage details: original specimen			2016.0	4.0	11.0	2015-2016	825	0	825
MF195577.1	Influenza A virus (A/Ontario/229/2016(H1N1))	viral cRNA	A/Ontario/229/2016	H1N1	taxon:2007668	Canada: Ontario	Homo sapiens	4	2016-04-07	nasopharyngeal wash		passage details: original specimen			2016.0	4.0	7.0	2015-2016	857	32	825
MF195576.1	Influenza A virus (A/Ontario/228/2016(H1N1))	viral cRNA	A/Ontario/228/2016	H1N1	taxon:2007667	Canada: Ontario	Homo sapiens	4	2016-04-07	nasopharyngeal wash		passage details: original specimen			2016.0	4.0	7.0	2015-2016	857	32	825
MF195574.1	Influenza A virus (A/Ontario/226/2016(H1N1))	viral cRNA	A/Ontario/226/2016	H1N1	taxon:2007665	Canada: Ontario	Homo sapiens	4	2016-04-06	nasopharyngeal wash		passage details: original specimen			2016.0	4.0	6.0	2015-2016	825	0	825
MF195575.1	Influenza A virus (A/Ontario/227/2016(H1N1))	viral cRNA	A/Ontario/227/2016	H1N1	taxon:2007666	Canada: Ontario	Homo sapiens	4	2016-04-06	nasopharyngeal wash		passage details: original specimen			2016.0	4.0	6.0	2015-2016	857	32	825
MF195573.1	Influenza A virus (A/Ontario/225/2016(H1N1))	viral cRNA	A/Ontario/225/2016	H1N1	taxon:2007664	Canada: Ontario	Homo sapiens	4	2016-04-05	nasopharyngeal wash		passage details: original specimen			2016.0	4.0	5.0	2015-2016	857	32	825
MF195572.1	Influenza A virus (A/Ontario/224/2016(H1N1))	viral cRNA	A/Ontario/224/2016	H1N1	taxon:2007663	Canada: Ontario	Homo sapiens	4	2016-04-04	nasopharyngeal wash		passage details: original specimen			2016.0	4.0	4.0	2015-2016	825	0	825
MF195570.1	Influenza A virus (A/Ontario/222/2016(H1N1))	viral cRNA	A/Ontario/222/2016	H1N1	taxon:2007661	Canada: Ontario	Homo sapiens	4	2016-03-31	nasopharyngeal wash		passage details: original specimen			2016.0	3.0	31.0	2015-2016	857	32	825
MF195569.1	Influenza A virus (A/Ontario/221/2016(H1N1))	viral cRNA	A/Ontario/221/2016	H1N1	taxon:2007660	Canada: Ontario	Homo sapiens	4	2016-03-31	nasopharyngeal wash		passage details: original specimen			2016.0	3.0	31.0	2015-2016	825	0	825
MF195568.1	Influenza A virus (A/Ontario/220/2016(H1N1))	viral cRNA	A/Ontario/220/2016	H1N1	taxon:2007659	Canada: Ontario	Homo sapiens	4	2016-03-30	nasopharyngeal wash		passage details: original specimen			2016.0	3.0	30.0	2015-2016	825	0	825
MF195565.1	Influenza A virus (A/Ontario/217/2016(H1N1))	viral cRNA	A/Ontario/217/2016	H1N1	taxon:2007656	Canada: Ontario	Homo sapiens	4	2016-03-30	nasopharyngeal wash		passage details: original specimen			2016.0	3.0	30.0	2015-2016	825	0	825
MF195567.1	Influenza A virus (A/Ontario/219/2016(H1N1))	viral cRNA	A/Ontario/219/2016	H1N1	taxon:2007658	Canada: Ontario	Homo sapiens	4	2016-03-29	nasopharyngeal wash		passage details: original specimen			2016.0	3.0	29.0	2015-2016	857	32	825
MF195566.1	Influenza A virus (A/Ontario/218/2016(H1N1))	viral cRNA	A/Ontario/218/2016	H1N1	taxon:2007657	Canada: Ontario	Homo sapiens	4	2016-03-29	nasopharyngeal wash		passage details: original specimen			2016.0	3.0	29.0	2015-2016	825	0	825
MF195564.1	Influenza A virus (A/Ontario/216/2016(H1N1))	viral cRNA	A/Ontario/216/2016	H1N1	taxon:2007655	Canada: Ontario	Homo sapiens	4	2016-03-29	nasopharyngeal wash		passage details: original specimen			2016.0	3.0	29.0	2015-2016	825	0	825
MF195561.1	Influenza A virus (A/Ontario/213/2016(H1N1))	viral cRNA	A/Ontario/213/2016	H1N1	taxon:2007652	Canada: Ontario	Homo sapiens	4	2016-03-28	nasopharyngeal wash		passage details: original specimen			2016.0	3.0	28.0	2015-2016	857	32	825
MF195559.1	Influenza A virus (A/Ontario/211/2016(H1N1))	viral cRNA	A/Ontario/211/2016	H1N1	taxon:2007650	Canada: Ontario	Homo sapiens	4	2016-03-26	nasopharyngeal wash		passage details: original specimen			2016.0	3.0	26.0	2015-2016	857	32	825
MF195558.1	Influenza A virus (A/Ontario/210/2016(H1N1))	viral cRNA	A/Ontario/210/2016	H1N1	taxon:2007649	Canada: Ontario	Homo sapiens	4	2016-03-26	nasopharyngeal wash		passage details: original specimen			2016.0	3.0	26.0	2015-2016	857	32	825
MF195560.1	Influenza A virus (A/Ontario/212/2016(H1N1))	viral cRNA	A/Ontario/212/2016	H1N1	taxon:2007651	Canada: Ontario	Homo sapiens	4	2016-03-26	nasopharyngeal wash		passage details: original specimen			2016.0	3.0	26.0	2015-2016	857	32	825
MF195562.1	Influenza A virus (A/Ontario/214/2016(H1N1))	viral cRNA	A/Ontario/214/2016	H1N1	taxon:2007653	Canada: Ontario	Homo sapiens	4	2016-03-24	nasopharyngeal wash		passage details: original specimen			2016.0	3.0	24.0	2015-2016	857	32	825
MF195556.1	Influenza A virus (A/Ontario/208/2016(H1N1))	viral cRNA	A/Ontario/208/2016	H1N1	taxon:2007647	Canada: Ontario	Homo sapiens	4	2016-03-24	nasopharyngeal wash		passage details: original specimen			2016.0	3.0	24.0	2015-2016	825	0	825
MF195557.1	Influenza A virus (A/Ontario/209/2016(H1N1))	viral cRNA	A/Ontario/209/2016	H1N1	taxon:2007648	Canada: Ontario	Homo sapiens	4	2016-03-23	nasopharyngeal wash		passage details: original specimen			2016.0	3.0	23.0	2015-2016	857	32	825
MF195563.1	Influenza A virus (A/Ontario/215/2016(H1N1))	viral cRNA	A/Ontario/215/2016	H1N1	taxon:2007654	Canada: Ontario	Homo sapiens	4	2016-03-22	nasopharyngeal wash		passage details: original specimen			2016.0	3.0	22.0	2015-2016	857	32	825
MF195553.1	Influenza A virus (A/Ontario/205/2016(H1N1))	viral cRNA	A/Ontario/205/2016	H1N1	taxon:2007644	Canada: Ontario	Homo sapiens	4	2016-03-22	nasopharyngeal wash		passage details: original specimen			2016.0	3.0	22.0	2015-2016	879	54	825
MF195554.1	Influenza A virus (A/Ontario/206/2016(H1N1))	viral cRNA	A/Ontario/206/2016	H1N1	taxon:2007645	Canada: Ontario	Homo sapiens	4	2016-03-22	nasopharyngeal wash		passage details: original specimen			2016.0	3.0	22.0	2015-2016	857	32	825
MF195555.1	Influenza A virus (A/Ontario/207/2016(H1N1))	viral cRNA	A/Ontario/207/2016	H1N1	taxon:2007646	Canada: Ontario	Homo sapiens	4	2016-03-22	nasopharyngeal wash		passage details: original specimen			2016.0	3.0	22.0	2015-2016	857	32	825
MF195552.1	Influenza A virus (A/Ontario/204/2016(H1N1))	viral cRNA	A/Ontario/204/2016	H1N1	taxon:2007643	Canada: Ontario	Homo sapiens	4	2016-03-22	nasopharyngeal wash		passage details: original specimen			2016.0	3.0	22.0	2015-2016	825	0	825
MF195548.1	Influenza A virus (A/Ontario/200/2016(H1N1))	viral cRNA	A/Ontario/200/2016	H1N1	taxon:2007639	Canada: Ontario	Homo sapiens	4	2016-03-21	nasopharyngeal wash		passage details: original specimen			2016.0	3.0	21.0	2015-2016	857	32	825
MF195547.1	Influenza A virus (A/Ontario/199/2016(H1N1))	viral cRNA	A/Ontario/199/2016	H1N1	taxon:2007638	Canada: Ontario	Homo sapiens	4	2016-03-21	nasopharyngeal wash		passage details: original specimen			2016.0	3.0	21.0	2015-2016	857	32	825
MF195551.1	Influenza A virus (A/Ontario/203/2016(H1N1))	viral cRNA	A/Ontario/203/2016	H1N1	taxon:2007642	Canada: Ontario	Homo sapiens	4	2016-03-18	nasopharyngeal wash		passage details: original specimen			2016.0	3.0	18.0	2015-2016	825	0	825
MF195550.1	Influenza A virus (A/Ontario/202/2016(H1N1))	viral cRNA	A/Ontario/202/2016	H1N1	taxon:2007641	Canada: Ontario	Homo sapiens	4	2016-03-17	nasopharyngeal wash		passage details: original specimen			2016.0	3.0	17.0	2015-2016	857	32	825
MF195545.1	Influenza A virus (A/Ontario/194/2016(H1N1))	viral cRNA	A/Ontario/194/2016	H1N1	taxon:2007635	Canada: Ontario	Homo sapiens	4	2016-03-16	nasopharyngeal wash		passage details: original specimen			2016.0	3.0	16.0	2015-2016	1005	180	825
MF195544.1	Influenza A virus (A/Ontario/192/2016(H1N1))	viral cRNA	A/Ontario/192/2016	H1N1	taxon:2007634	Canada: Ontario	Homo sapiens	4	2016-03-16	nasopharyngeal wash		passage details: original specimen			2016.0	3.0	16.0	2015-2016	857	32	825
MF195542.1	Influenza A virus (A/Ontario/190/2016(H1N1))	viral cRNA	A/Ontario/190/2016	H1N1	taxon:2007632	Canada: Ontario	Homo sapiens	4	2016-03-16	nasopharyngeal wash		passage details: original specimen			2016.0	3.0	16.0	2015-2016	825	0	825
MF195571.1	Influenza A virus (A/Ontario/223/2016(H1N1))	viral cRNA	A/Ontario/223/2016	H1N1	taxon:2007662	Canada: Ontario	Homo sapiens	4	2016-03-15	nasopharyngeal wash		passage details: original specimen			2016.0	3.0	15.0	2015-2016	857	32	825
MF195549.1	Influenza A virus (A/Ontario/201/2016(H1N1))	viral cRNA	A/Ontario/201/2016	H1N1	taxon:2007640	Canada: Ontario	Homo sapiens	4	2016-03-15	nasopharyngeal wash		passage details: original specimen			2016.0	3.0	15.0	2015-2016	857	32	825
MF195543.1	Influenza A virus (A/Ontario/191/2016(H1N1))	viral cRNA	A/Ontario/191/2016	H1N1	taxon:2007633	Canada: Ontario	Homo sapiens	4	2016-03-15	nasopharyngeal wash		passage details: original specimen			2016.0	3.0	15.0	2015-2016	857	32	825
MF195539.1	Influenza A virus (A/Ontario/186/2016(H1N1))	viral cRNA	A/Ontario/186/2016	H1N1	taxon:2007629	Canada: Ontario	Homo sapiens	4	2016-03-14	nasopharyngeal wash		passage details: original specimen			2016.0	3.0	14.0	2015-2016	857	32	825
MF195541.1	Influenza A virus (A/Ontario/189/2016(H1N1))	viral cRNA	A/Ontario/189/2016	H1N1	taxon:2007631	Canada: Ontario	Homo sapiens	4	2016-03-14	nasopharyngeal wash		passage details: original specimen			2016.0	3.0	14.0	2015-2016	857	32	825
MF195537.1	Influenza A virus (A/Ontario/183/2016(H1N1))	viral cRNA	A/Ontario/183/2016	H1N1	taxon:2007627	Canada: Ontario	Homo sapiens	4	2016-03-14	nasopharyngeal wash		passage details: original specimen			2016.0	3.0	14.0	2015-2016	857	32	825
MF195538.1	Influenza A virus (A/Ontario/184/2016(H1N1))	viral cRNA	A/Ontario/184/2016	H1N1	taxon:2007628	Canada: Ontario	Homo sapiens	4	2016-03-14	nasopharyngeal wash		passage details: original specimen			2016.0	3.0	14.0	2015-2016	825	0	825
MF195540.1	Influenza A virus (A/Ontario/188/2016(H1N1))	viral cRNA	A/Ontario/188/2016	H1N1	taxon:2007630	Canada: Ontario	Homo sapiens	4	2016-03-14	nasopharyngeal wash		passage details: original specimen			2016.0	3.0	14.0	2015-2016	857	32	825
MF195534.1	Influenza A virus (A/Ontario/180/2016(H1N1))	viral cRNA	A/Ontario/180/2016	H1N1	taxon:2007624	Canada: Ontario	Homo sapiens	4	2016-03-14	nasopharyngeal wash		passage details: original specimen			2016.0	3.0	14.0	2015-2016	825	0	825
MF195546.1	Influenza A virus (A/Ontario/195/2016(H1N1))	viral cRNA	A/Ontario/195/2016	H1N1	taxon:2007636	Canada: Ontario	Homo sapiens	4	2016-03-14	nasopharyngeal wash		passage details: original specimen			2016.0	3.0	14.0	2015-2016	857	32	825
MF195531.1	Influenza A virus (A/Ontario/174/2016(H1N1))	viral cRNA	A/Ontario/174/2016	H1N1	taxon:2007621	Canada: Ontario	Homo sapiens	4	2016-03-14	nasopharyngeal wash		passage details: original specimen			2016.0	3.0	14.0	2015-2016	857	32	825
MF195529.1	Influenza A virus (A/Ontario/172/2016(H1N1))	viral cRNA	A/Ontario/172/2016	H1N1	taxon:2007619	Canada: Ontario	Homo sapiens	4	2016-03-12	nasopharyngeal wash		passage details: original specimen			2016.0	3.0	12.0	2015-2016	857	32	825
MF195536.1	Influenza A virus (A/Ontario/182/2016(H1N1))	viral cRNA	A/Ontario/182/2016	H1N1	taxon:2007626	Canada: Ontario	Homo sapiens	4	2016-03-11	nasopharyngeal wash		passage details: original specimen			2016.0	3.0	11.0	2015-2016	932	32	900
MF195585.1	Influenza A virus (A/Ontario/241/2016(H1N1))	viral cRNA	A/Ontario/241/2016	H1N1	taxon:2007678	Canada: Ontario	Homo sapiens	4	2016-03-11	nasopharyngeal wash		passage details: original specimen			2016.0	3.0	11.0	2015-2016	857	32	825
MF195530.1	Influenza A virus (A/Ontario/173/2016(H1N1))	viral cRNA	A/Ontario/173/2016	H1N1	taxon:2007620	Canada: Ontario	Homo sapiens	4	2016-03-11	nasopharyngeal wash		passage details: original specimen			2016.0	3.0	11.0	2015-2016	857	32	825
MF195528.1	Influenza A virus (A/Ontario/171/2016(H1N1))	viral cRNA	A/Ontario/171/2016	H1N1	taxon:2007618	Canada: Ontario	Homo sapiens	4	2016-03-11	nasopharyngeal wash		passage details: original specimen			2016.0	3.0	11.0	2015-2016	857	32	825
MF195519.1	Influenza A virus (A/Ontario/161/2016(H1N1))	viral cRNA	A/Ontario/161/2016	H1N1	taxon:2007609	Canada: Ontario	Homo sapiens	4	2016-03-10	nasopharyngeal wash		passage details: original specimen			2016.0	3.0	10.0	2015-2016	825	0	825
MF195524.1	Influenza A virus (A/Ontario/167/2016(H1N1))	viral cRNA	A/Ontario/167/2016	H1N1	taxon:2007614	Canada: Ontario	Homo sapiens	4	2016-03-10	nasopharyngeal wash		passage details: original specimen			2016.0	3.0	10.0	2015-2016	857	32	825
MF195535.1	Influenza A virus (A/Ontario/181/2016(H1N1))	viral cRNA	A/Ontario/181/2016	H1N1	taxon:2007625	Canada: Ontario	Homo sapiens	4	2016-03-10	nasopharyngeal wash		passage details: original specimen			2016.0	3.0	10.0	2015-2016	857	32	825
MF195523.1	Influenza A virus (A/Ontario/166/2016(H1N1))	viral cRNA	A/Ontario/166/2016	H1N1	taxon:2007613	Canada: Ontario	Homo sapiens	4	2016-03-10	nasopharyngeal wash		passage details: original specimen			2016.0	3.0	10.0	2015-2016	825	0	825
MF195521.1	Influenza A virus (A/Ontario/163/2016(H1N1))	viral cRNA	A/Ontario/163/2016	H1N1	taxon:2007611	Canada: Ontario	Homo sapiens	4	2016-03-10	nasopharyngeal wash		passage details: original specimen			2016.0	3.0	10.0	2015-2016	825	0	825
MF195532.1	Influenza A virus (A/Ontario/177/2016(H1N1))	viral cRNA	A/Ontario/177/2016	H1N1	taxon:2007622	Canada: Ontario	Homo sapiens	4	2016-03-10	nasopharyngeal wash		passage details: original specimen			2016.0	3.0	10.0	2015-2016	825	0	825
MF195533.1	Influenza A virus (A/Ontario/179/2016(H1N1))	viral cRNA	A/Ontario/179/2016	H1N1	taxon:2007623	Canada: Ontario	Homo sapiens	4	2016-03-10	nasopharyngeal wash		passage details: original specimen			2016.0	3.0	10.0	2015-2016	857	32	825
MF195526.1	Influenza A virus (A/Ontario/169/2016(H1N1))	viral cRNA	A/Ontario/169/2016	H1N1	taxon:2007616	Canada: Ontario	Homo sapiens	4	2016-03-09	nasopharyngeal wash		passage details: original specimen			2016.0	3.0	9.0	2015-2016	825	0	825
MF195527.1	Influenza A virus (A/Ontario/170/2016(H1N1))	viral cRNA	A/Ontario/170/2016	H1N1	taxon:2007617	Canada: Ontario	Homo sapiens	4	2016-03-09	nasopharyngeal wash		passage details: original specimen			2016.0	3.0	9.0	2015-2016	825	0	825
MF195522.1	Influenza A virus (A/Ontario/164/2016(H1N1))	viral cRNA	A/Ontario/164/2016	H1N1	taxon:2007612	Canada: Ontario	Homo sapiens	4	2016-03-09	nasopharyngeal wash		passage details: original specimen			2016.0	3.0	9.0	2015-2016	825	0	825
MF195509.1	Influenza A virus (A/Ontario/149/2016(H1N1))	viral cRNA	A/Ontario/149/2016	H1N1	taxon:2007599	Canada: Ontario	Homo sapiens	4	2016-03-09	nasopharyngeal wash		passage details: original specimen			2016.0	3.0	9.0	2015-2016	857	32	825
MF195518.1	Influenza A virus (A/Ontario/160/2016(H1N1))	viral cRNA	A/Ontario/160/2016	H1N1	taxon:2007608	Canada: Ontario	Homo sapiens	4	2016-03-09	nasopharyngeal wash		passage details: original specimen			2016.0	3.0	9.0	2015-2016	825	0	825
MF195525.1	Influenza A virus (A/Ontario/168/2016(H1N1))	viral cRNA	A/Ontario/168/2016	H1N1	taxon:2007615	Canada: Ontario	Homo sapiens	4	2016-03-09	nasopharyngeal wash		passage details: original specimen			2016.0	3.0	9.0	2015-2016	857	32	825
MF195513.1	Influenza A virus (A/Ontario/153/2016(H1N1))	viral cRNA	A/Ontario/153/2016	H1N1	taxon:2007603	Canada: Ontario	Homo sapiens	4	2016-03-09	nasopharyngeal wash		passage details: original specimen			2016.0	3.0	9.0	2015-2016	857	32	825
MF195511.1	Influenza A virus (A/Ontario/151/2016(H1N1))	viral cRNA	A/Ontario/151/2016	H1N1	taxon:2007601	Canada: Ontario	Homo sapiens	4	2016-03-08	nasopharyngeal wash		passage details: original specimen			2016.0	3.0	8.0	2015-2016	825	0	825
MF195512.1	Influenza A virus (A/Ontario/152/2016(H1N1))	viral cRNA	A/Ontario/152/2016	H1N1	taxon:2007602	Canada: Ontario	Homo sapiens	4	2016-03-08	nasopharyngeal wash		passage details: original specimen			2016.0	3.0	8.0	2015-2016	825	0	825
MF195515.1	Influenza A virus (A/Ontario/155/2016(H1N1))	viral cRNA	A/Ontario/155/2016	H1N1	taxon:2007605	Canada: Ontario	Homo sapiens	4	2016-03-08	nasopharyngeal wash		passage details: original specimen			2016.0	3.0	8.0	2015-2016	825	0	825
MF195517.1	Influenza A virus (A/Ontario/157/2016(H1N1))	viral cRNA	A/Ontario/157/2016	H1N1	taxon:2007607	Canada: Ontario	Homo sapiens	4	2016-03-08	nasopharyngeal wash		passage details: original specimen			2016.0	3.0	8.0	2015-2016	857	32	825
MF195507.1	Influenza A virus (A/Ontario/147/2016(H1N1))	viral cRNA	A/Ontario/147/2016	H1N1	taxon:2007597	Canada: Ontario	Homo sapiens	4	2016-03-08	nasopharyngeal wash		passage details: original specimen			2016.0	3.0	8.0	2015-2016	857	32	825
MF195516.1	Influenza A virus (A/Ontario/156/2016(H1N1))	viral cRNA	A/Ontario/156/2016	H1N1	taxon:2007606	Canada: Ontario	Homo sapiens	4	2016-03-08	nasopharyngeal wash		passage details: original specimen			2016.0	3.0	8.0	2015-2016	857	32	825
MF195520.1	Influenza A virus (A/Ontario/162/2016(H1N1))	viral cRNA	A/Ontario/162/2016	H1N1	taxon:2007610	Canada: Ontario	Homo sapiens	4	2016-03-08	nasopharyngeal wash		passage details: original specimen			2016.0	3.0	8.0	2015-2016	857	32	825
MF195508.1	Influenza A virus (A/Ontario/148/2016(H1N1))	viral cRNA	A/Ontario/148/2016	H1N1	taxon:2007598	Canada: Ontario	Homo sapiens	4	2016-03-08	nasopharyngeal wash		passage details: original specimen			2016.0	3.0	8.0	2015-2016	857	32	825
MF195510.1	Influenza A virus (A/Ontario/150/2016(H1N1))	viral cRNA	A/Ontario/150/2016	H1N1	taxon:2007600	Canada: Ontario	Homo sapiens	4	2016-03-08	nasopharyngeal wash		passage details: original specimen			2016.0	3.0	8.0	2015-2016	857	32	825
MF195498.1	Influenza A virus (A/Ontario/135/2016(H1N1))	viral cRNA	A/Ontario/135/2016	H1N1	taxon:2007587	Canada: Ontario	Homo sapiens	4	2016-03-07	nasopharyngeal wash		passage details: original specimen			2016.0	3.0	7.0	2015-2016	857	32	825
MF195506.1	Influenza A virus (A/Ontario/146/2016(H1N1))	viral cRNA	A/Ontario/146/2016	H1N1	taxon:2007596	Canada: Ontario	Homo sapiens	4	2016-03-07	nasopharyngeal wash		passage details: original specimen			2016.0	3.0	7.0	2015-2016	857	32	825
MF195504.1	Influenza A virus (A/Ontario/143/2016(H1N1))	viral cRNA	A/Ontario/143/2016	H1N1	taxon:2007593	Canada: Ontario	Homo sapiens	4	2016-03-07	nasopharyngeal wash		passage details: original specimen			2016.0	3.0	7.0	2015-2016	825	0	825
MF195505.1	Influenza A virus (A/Ontario/145/2016(H1N1))	viral cRNA	A/Ontario/145/2016	H1N1	taxon:2007595	Canada: Ontario	Homo sapiens	4	2016-03-07	nasopharyngeal wash		passage details: original specimen			2016.0	3.0	7.0	2015-2016	857	32	825
MF195499.1	Influenza A virus (A/Ontario/136/2016(H1N1))	viral cRNA	A/Ontario/136/2016	H1N1	taxon:2007588	Canada: Ontario	Homo sapiens	4	2016-03-07	nasopharyngeal wash		passage details: original specimen			2016.0	3.0	7.0	2015-2016	857	32	825
MF195502.1	Influenza A virus (A/Ontario/141/2016(H1N1))	viral cRNA	A/Ontario/141/2016	H1N1	taxon:2007591	Canada: Ontario	Homo sapiens	4	2016-03-06	nasopharyngeal wash		passage details: original specimen			2016.0	3.0	6.0	2015-2016	857	32	825
MF195497.1	Influenza A virus (A/Ontario/134/2016(H1N1))	viral cRNA	A/Ontario/134/2016	H1N1	taxon:2007586	Canada: Ontario	Homo sapiens	4	2016-03-06	nasopharyngeal wash		passage details: original specimen			2016.0	3.0	6.0	2015-2016	857	32	825
MF195501.1	Influenza A virus (A/Ontario/140/2016(H1N1))	viral cRNA	A/Ontario/140/2016	H1N1	taxon:2007590	Canada: Ontario	Homo sapiens	4	2016-03-05	nasopharyngeal wash		passage details: original specimen			2016.0	3.0	5.0	2015-2016	857	32	825
MF195496.1	Influenza A virus (A/Ontario/133/2016(H1N1))	viral cRNA	A/Ontario/133/2016	H1N1	taxon:2007585	Canada: Ontario	Homo sapiens	4	2016-03-05	nasopharyngeal wash		passage details: original specimen			2016.0	3.0	5.0	2015-2016	857	32	825
MF195500.1	Influenza A virus (A/Ontario/139/2016(H1N1))	viral cRNA	A/Ontario/139/2016	H1N1	taxon:2007589	Canada: Ontario	Homo sapiens	4	2016-03-04	nasopharyngeal wash		passage details: original specimen			2016.0	3.0	4.0	2015-2016	825	0	825
MF195514.1	Influenza A virus (A/Ontario/154/2016(H1N1))	viral cRNA	A/Ontario/154/2016	H1N1	taxon:2007604	Canada: Ontario	Homo sapiens	4	2016-03-04	nasopharyngeal wash		passage details: original specimen			2016.0	3.0	4.0	2015-2016	857	32	825
MF195494.1	Influenza A virus (A/Ontario/131/2016(H1N1))	viral cRNA	A/Ontario/131/2016	H1N1	taxon:2007583	Canada: Ontario	Homo sapiens	4	2016-03-04	nasopharyngeal wash		passage details: original specimen			2016.0	3.0	4.0	2015-2016	825	0	825
MF195493.1	Influenza A virus (A/Ontario/129/2016(H1N1))	viral cRNA	A/Ontario/129/2016	H1N1	taxon:2007582	Canada: Ontario	Homo sapiens	4	2016-03-03	nasopharyngeal wash		passage details: original specimen			2016.0	3.0	3.0	2015-2016	857	32	825
MF195503.1	Influenza A virus (A/Ontario/142/2016(H1N1))	viral cRNA	A/Ontario/142/2016	H1N1	taxon:2007592	Canada: Ontario	Homo sapiens	4	2016-03-03	nasopharyngeal wash		passage details: original specimen			2016.0	3.0	3.0	2015-2016	857	32	825
MF195495.1	Influenza A virus (A/Ontario/132/2016(H1N1))	viral cRNA	A/Ontario/132/2016	H1N1	taxon:2007584	Canada: Ontario	Homo sapiens	4	2016-03-03	nasopharyngeal wash		passage details: original specimen			2016.0	3.0	3.0	2015-2016	825	0	825
MF195492.1	Influenza A virus (A/Ontario/127/2016(H1N1))	viral cRNA	A/Ontario/127/2016	H1N1	taxon:2007581	Canada: Ontario	Homo sapiens	4	2016-03-02	nasopharyngeal wash		passage details: original specimen			2016.0	3.0	2.0	2015-2016	825	0	825
MF195491.1	Influenza A virus (A/Ontario/126/2016(H1N1))	viral cRNA	A/Ontario/126/2016	H1N1	taxon:2007580	Canada: Ontario	Homo sapiens	4	2016-03-02	nasopharyngeal wash		passage details: original specimen			2016.0	3.0	2.0	2015-2016	857	32	825
MF195490.1	Influenza A virus (A/Ontario/125/2016(H1N1))	viral cRNA	A/Ontario/125/2016	H1N1	taxon:2007579	Canada: Ontario	Homo sapiens	4	2016-03-02	nasopharyngeal wash		passage details: original specimen			2016.0	3.0	2.0	2015-2016	857	32	825
MF195489.1	Influenza A virus (A/Ontario/123/2016(H1N1))	viral cRNA	A/Ontario/123/2016	H1N1	taxon:2007578	Canada: Ontario	Homo sapiens	4	2016-03-02	nasopharyngeal wash		passage details: original specimen			2016.0	3.0	2.0	2015-2016	825	0	825
MF195488.1	Influenza A virus (A/Ontario/122/2016(H1N1))	viral cRNA	A/Ontario/122/2016	H1N1	taxon:2007577	Canada: Ontario	Homo sapiens	4	2016-03-02	nasopharyngeal wash		passage details: original specimen			2016.0	3.0	2.0	2015-2016	857	32	825
MF195480.1	Influenza A virus (A/Ontario/114/2016(H1N1))	viral cRNA	A/Ontario/114/2016	H1N1	taxon:2007569	Canada: Ontario	Homo sapiens	4	2016-03-02	nasopharyngeal wash		passage details: original specimen			2016.0	3.0	2.0	2015-2016	825	0	825
MF195485.1	Influenza A virus (A/Ontario/119/2016(H1N1))	viral cRNA	A/Ontario/119/2016	H1N1	taxon:2007574	Canada: Ontario	Homo sapiens	4	2016-03-01	nasopharyngeal wash		passage details: original specimen			2016.0	3.0	1.0	2015-2016	857	32	825
MF195476.1	Influenza A virus (A/Ontario/110/2016(H1N1))	viral cRNA	A/Ontario/110/2016	H1N1	taxon:2007565	Canada: Ontario	Homo sapiens	4	2016-03-01	nasopharyngeal wash		passage details: original specimen			2016.0	3.0	1.0	2015-2016	825	0	825
MF195584.1	Influenza A virus (A/Ontario/240/2016(H1N1))	viral cRNA	A/Ontario/240/2016	H1N1	taxon:2007677	Canada: Ontario	Homo sapiens	4	2016-03-01	nasopharyngeal wash		passage details: original specimen			2016.0	3.0	1.0	2015-2016	825	0	825
MF195583.1	Influenza A virus (A/Ontario/239/2016(H1N1))	viral cRNA	A/Ontario/239/2016	H1N1	taxon:2007676	Canada: Ontario	Homo sapiens	4	2016-03-01	nasopharyngeal wash		passage details: original specimen			2016.0	3.0	1.0	2015-2016	879	54	825
MF195473.1	Influenza A virus (A/Ontario/107/2016(H1N1))	viral cRNA	A/Ontario/107/2016	H1N1	taxon:2007562	Canada: Ontario	Homo sapiens	4	2016-03-01	nasopharyngeal wash		passage details: original specimen			2016.0	3.0	1.0	2015-2016	825	0	825
MF195470.1	Influenza A virus (A/Ontario/104/2016(H1N1))	viral cRNA	A/Ontario/104/2016	H1N1	taxon:2007559	Canada: Ontario	Homo sapiens	4	2016-03-01	nasopharyngeal wash		passage details: original specimen			2016.0	3.0	1.0	2015-2016	825	0	825
MF195484.1	Influenza A virus (A/Ontario/118/2016(H1N1))	viral cRNA	A/Ontario/118/2016	H1N1	taxon:2007573	Canada: Ontario	Homo sapiens	4	2016-03-01	nasopharyngeal wash		passage details: original specimen			2016.0	3.0	1.0	2015-2016	825	0	825
MF195487.1	Influenza A virus (A/Ontario/121/2016(H1N1))	viral cRNA	A/Ontario/121/2016	H1N1	taxon:2007576	Canada: Ontario	Homo sapiens	4	2016-02-29	nasopharyngeal wash		passage details: original specimen			2016.0	2.0	29.0	2015-2016	857	32	825
MF195465.1	Influenza A virus (A/Ontario/099/2016(H1N1))	viral cRNA	A/Ontario/099/2016	H1N1	taxon:2007554	Canada: Ontario	Homo sapiens	4	2016-02-29	nasopharyngeal wash		passage details: original specimen			2016.0	2.0	29.0	2015-2016	825	0	825
MF195471.1	Influenza A virus (A/Ontario/105/2016(H1N1))	viral cRNA	A/Ontario/105/2016	H1N1	taxon:2007560	Canada: Ontario	Homo sapiens	4	2016-02-29	nasopharyngeal wash		passage details: original specimen			2016.0	2.0	29.0	2015-2016	857	32	825
MF195472.1	Influenza A virus (A/Ontario/106/2016(H1N1))	viral cRNA	A/Ontario/106/2016	H1N1	taxon:2007561	Canada: Ontario	Homo sapiens	4	2016-02-29	nasopharyngeal wash		passage details: original specimen			2016.0	2.0	29.0	2015-2016	857	32	825
MF195474.1	Influenza A virus (A/Ontario/108/2016(H1N1))	viral cRNA	A/Ontario/108/2016	H1N1	taxon:2007563	Canada: Ontario	Homo sapiens	4	2016-02-29	nasopharyngeal wash		passage details: original specimen			2016.0	2.0	29.0	2015-2016	857	32	825
MF195486.1	Influenza A virus (A/Ontario/120/2016(H1N1))	viral cRNA	A/Ontario/120/2016	H1N1	taxon:2007575	Canada: Ontario	Homo sapiens	4	2016-02-29	nasopharyngeal wash		passage details: original specimen			2016.0	2.0	29.0	2015-2016	857	32	825
MF195475.1	Influenza A virus (A/Ontario/109/2016(H1N1))	viral cRNA	A/Ontario/109/2016	H1N1	taxon:2007564	Canada: Ontario	Homo sapiens	4	2016-02-29	nasopharyngeal wash		passage details: original specimen			2016.0	2.0	29.0	2015-2016	825	0	825
MF195483.1	Influenza A virus (A/Ontario/117/2016(H1N1))	viral cRNA	A/Ontario/117/2016	H1N1	taxon:2007572	Canada: Ontario	Homo sapiens	4	2016-02-29	nasopharyngeal wash		passage details: original specimen			2016.0	2.0	29.0	2015-2016	825	0	825
MF195482.1	Influenza A virus (A/Ontario/116/2016(H1N1))	viral cRNA	A/Ontario/116/2016	H1N1	taxon:2007571	Canada: Ontario	Homo sapiens	4	2016-02-29	nasopharyngeal wash		passage details: original specimen			2016.0	2.0	29.0	2015-2016	857	32	825
MF195478.1	Influenza A virus (A/Ontario/112/2016(H1N1))	viral cRNA	A/Ontario/112/2016	H1N1	taxon:2007567	Canada: Ontario	Homo sapiens	4	2016-02-29	nasopharyngeal wash		passage details: original specimen			2016.0	2.0	29.0	2015-2016	825	0	825
MF195477.1	Influenza A virus (A/Ontario/111/2016(H1N1))	viral cRNA	A/Ontario/111/2016	H1N1	taxon:2007566	Canada: Ontario	Homo sapiens	4	2016-02-29	nasopharyngeal wash		passage details: original specimen			2016.0	2.0	29.0	2015-2016	825	0	825
MF195481.1	Influenza A virus (A/Ontario/115/2016(H1N1))	viral cRNA	A/Ontario/115/2016	H1N1	taxon:2007570	Canada: Ontario	Homo sapiens	4	2016-02-29	nasopharyngeal wash		passage details: original specimen			2016.0	2.0	29.0	2015-2016	857	32	825
MF195468.1	Influenza A virus (A/Ontario/102/2016(H1N1))	viral cRNA	A/Ontario/102/2016	H1N1	taxon:2007557	Canada: Ontario	Homo sapiens	4	2016-02-27	nasopharyngeal wash		passage details: original specimen			2016.0	2.0	27.0	2015-2016	825	0	825
MF195463.1	Influenza A virus (A/Ontario/097/2016(H1N1))	viral cRNA	A/Ontario/097/2016	H1N1	taxon:2007552	Canada: Ontario	Homo sapiens	4	2016-02-26	nasopharyngeal wash		passage details: original specimen			2016.0	2.0	26.0	2015-2016	825	0	825
MF195469.1	Influenza A virus (A/Ontario/103/2016(H1N1))	viral cRNA	A/Ontario/103/2016	H1N1	taxon:2007558	Canada: Ontario	Homo sapiens	4	2016-02-26	nasopharyngeal wash		passage details: original specimen			2016.0	2.0	26.0	2015-2016	825	0	825
MF195467.1	Influenza A virus (A/Ontario/101/2016(H1N1))	viral cRNA	A/Ontario/101/2016	H1N1	taxon:2007556	Canada: Ontario	Homo sapiens	4	2016-02-26	nasopharyngeal wash		passage details: original specimen			2016.0	2.0	26.0	2015-2016	825	0	825
MF195466.1	Influenza A virus (A/Ontario/100/2016(H1N1))	viral cRNA	A/Ontario/100/2016	H1N1	taxon:2007555	Canada: Ontario	Homo sapiens	4	2016-02-26	nasopharyngeal wash		passage details: original specimen			2016.0	2.0	26.0	2015-2016	825	0	825
MF195464.1	Influenza A virus (A/Ontario/098/2016(H1N1))	viral cRNA	A/Ontario/098/2016	H1N1	taxon:2007553	Canada: Ontario	Homo sapiens	4	2016-02-26	nasopharyngeal wash		passage details: original specimen			2016.0	2.0	26.0	2015-2016	825	0	825
MF195462.1	Influenza A virus (A/Ontario/095/2016(H1N1))	viral cRNA	A/Ontario/095/2016	H1N1	taxon:2007551	Canada: Ontario	Homo sapiens	4	2016-02-26	nasopharyngeal wash		passage details: original specimen			2016.0	2.0	26.0	2015-2016	825	0	825
MF195479.1	Influenza A virus (A/Ontario/113/2016(H1N1))	viral cRNA	A/Ontario/113/2016	H1N1	taxon:2007568	Canada: Ontario	Homo sapiens	4	2016-02-25	nasopharyngeal wash		passage details: original specimen			2016.0	2.0	25.0	2015-2016	825	0	825
MF195453.1	Influenza A virus (A/Ontario/084/2016(H1N1))	viral cRNA	A/Ontario/084/2016	H1N1	taxon:2007541	Canada: Ontario	Homo sapiens	4	2016-02-25	nasopharyngeal wash		passage details: original specimen			2016.0	2.0	25.0	2015-2016	825	0	825
MF195458.1	Influenza A virus (A/Ontario/090/2016(H1N1))	viral cRNA	A/Ontario/090/2016	H1N1	taxon:2007547	Canada: Ontario	Homo sapiens	4	2016-02-24	nasopharyngeal wash		passage details: original specimen			2016.0	2.0	24.0	2015-2016	857	32	825
MF195461.1	Influenza A virus (A/Ontario/093/2016(H1N1))	viral cRNA	A/Ontario/093/2016	H1N1	taxon:2007550	Canada: Ontario	Homo sapiens	4	2016-02-24	nasopharyngeal wash		passage details: original specimen			2016.0	2.0	24.0	2015-2016	857	32	825
MF195459.1	Influenza A virus (A/Ontario/091/2016(H1N1))	viral cRNA	A/Ontario/091/2016	H1N1	taxon:2007548	Canada: Ontario	Homo sapiens	4	2016-02-24	nasopharyngeal wash		passage details: original specimen			2016.0	2.0	24.0	2015-2016	857	32	825
MF195451.1	Influenza A virus (A/Ontario/082/2016(H1N1))	viral cRNA	A/Ontario/082/2016	H1N1	taxon:2007539	Canada: Ontario	Homo sapiens	4	2016-02-24	nasopharyngeal wash		passage details: original specimen			2016.0	2.0	24.0	2015-2016	825	0	825
MF195452.1	Influenza A virus (A/Ontario/083/2016(H1N1))	viral cRNA	A/Ontario/083/2016	H1N1	taxon:2007540	Canada: Ontario	Homo sapiens	4	2016-02-24	nasopharyngeal wash		passage details: original specimen			2016.0	2.0	24.0	2015-2016	825	0	825
MF195454.1	Influenza A virus (A/Ontario/085/2016(H1N1))	viral cRNA	A/Ontario/085/2016	H1N1	taxon:2007542	Canada: Ontario	Homo sapiens	4	2016-02-24	nasopharyngeal wash		passage details: original specimen			2016.0	2.0	24.0	2015-2016	825	0	825
MF195457.1	Influenza A virus (A/Ontario/089/2016(H1N1))	viral cRNA	A/Ontario/089/2016	H1N1	taxon:2007546	Canada: Ontario	Homo sapiens	4	2016-02-23	nasopharyngeal wash		passage details: original specimen			2016.0	2.0	23.0	2015-2016	825	0	825
MF195456.1	Influenza A virus (A/Ontario/088/2016(H1N1))	viral cRNA	A/Ontario/088/2016	H1N1	taxon:2007545	Canada: Ontario	Homo sapiens	4	2016-02-23	nasopharyngeal wash		passage details: original specimen			2016.0	2.0	23.0	2015-2016	857	32	825
MF195444.1	Influenza A virus (A/Ontario/075/2016(H1N1))	viral cRNA	A/Ontario/075/2016	H1N1	taxon:2007532	Canada: Ontario	Homo sapiens	4	2016-02-23	nasopharyngeal wash		passage details: original specimen			2016.0	2.0	23.0	2015-2016	857	32	825
MF195448.1	Influenza A virus (A/Ontario/079/2016(H1N1))	viral cRNA	A/Ontario/079/2016	H1N1	taxon:2007536	Canada: Ontario	Homo sapiens	4	2016-02-23	nasopharyngeal wash		passage details: original specimen			2016.0	2.0	23.0	2015-2016	857	32	825
MF195442.1	Influenza A virus (A/Ontario/073/2016(H1N1))	viral cRNA	A/Ontario/073/2016	H1N1	taxon:2007530	Canada: Ontario	Homo sapiens	4	2016-02-22	nasopharyngeal wash		passage details: original specimen			2016.0	2.0	22.0	2015-2016	825	0	825
MF195438.1	Influenza A virus (A/Ontario/066/2016(H1N1))	viral cRNA	A/Ontario/066/2016	H1N1	taxon:2007525	Canada: Ontario	Homo sapiens	4	2016-02-22	nasopharyngeal wash		passage details: original specimen			2016.0	2.0	22.0	2015-2016	825	0	825
MF195446.1	Influenza A virus (A/Ontario/077/2016(H1N1))	viral cRNA	A/Ontario/077/2016	H1N1	taxon:2007534	Canada: Ontario	Homo sapiens	4	2016-02-22	nasopharyngeal wash		passage details: original specimen			2016.0	2.0	22.0	2015-2016	857	32	825
MF195447.1	Influenza A virus (A/Ontario/078/2016(H1N1))	viral cRNA	A/Ontario/078/2016	H1N1	taxon:2007535	Canada: Ontario	Homo sapiens	4	2016-02-22	nasopharyngeal wash		passage details: original specimen			2016.0	2.0	22.0	2015-2016	900	32	868
MF195435.1	Influenza A virus (A/Ontario/063/2016(H1N1))	viral cRNA	A/Ontario/063/2016	H1N1	taxon:2007522	Canada: Ontario	Homo sapiens	4	2016-02-22	nasopharyngeal wash		passage details: original specimen			2016.0	2.0	22.0	2015-2016	825	0	825
MF195450.1	Influenza A virus (A/Ontario/081/2016(H1N1))	viral cRNA	A/Ontario/081/2016	H1N1	taxon:2007538	Canada: Ontario	Homo sapiens	4	2016-02-22	nasopharyngeal wash		passage details: original specimen			2016.0	2.0	22.0	2015-2016	825	0	825
MF195443.1	Influenza A virus (A/Ontario/074/2016(H1N1))	viral cRNA	A/Ontario/074/2016	H1N1	taxon:2007531	Canada: Ontario	Homo sapiens	4	2016-02-22	nasopharyngeal wash		passage details: original specimen			2016.0	2.0	22.0	2015-2016	825	0	825
MF195460.1	Influenza A virus (A/Ontario/092/2016(H1N1))	viral cRNA	A/Ontario/092/2016	H1N1	taxon:2007549	Canada: Ontario	Homo sapiens	4	2016-02-22	nasopharyngeal wash		passage details: original specimen			2016.0	2.0	22.0	2015-2016	825	0	825
MF195439.1	Influenza A virus (A/Ontario/067/2016(H1N1))	viral cRNA	A/Ontario/067/2016	H1N1	taxon:2007526	Canada: Ontario	Homo sapiens	4	2016-02-21	nasopharyngeal wash		passage details: original specimen			2016.0	2.0	21.0	2015-2016	930	32	898
MF195437.1	Influenza A virus (A/Ontario/065/2016(H1N1))	viral cRNA	A/Ontario/065/2016	H1N1	taxon:2007524	Canada: Ontario	Homo sapiens	4	2016-02-21	nasopharyngeal wash		passage details: original specimen			2016.0	2.0	21.0	2015-2016	943	32	911
MF195455.1	Influenza A virus (A/Ontario/087/2016(H1N1))	viral cRNA	A/Ontario/087/2016	H1N1	taxon:2007544	Canada: Ontario	Homo sapiens	4	2016-02-19	nasopharyngeal wash		passage details: original specimen			2016.0	2.0	19.0	2015-2016	857	32	825
MF195440.1	Influenza A virus (A/Ontario/069/2016(H1N1))	viral cRNA	A/Ontario/069/2016	H1N1	taxon:2007528	Canada: Ontario	Homo sapiens	4	2016-02-19	nasopharyngeal wash		passage details: original specimen			2016.0	2.0	19.0	2015-2016	825	0	825
MF195441.1	Influenza A virus (A/Ontario/071/2016(H1N1))	viral cRNA	A/Ontario/071/2016	H1N1	taxon:2007529	Canada: Ontario	Homo sapiens	4	2016-02-19	nasopharyngeal wash		passage details: original specimen			2016.0	2.0	19.0	2015-2016	877	32	845
MF195449.1	Influenza A virus (A/Ontario/080/2016(H1N1))	viral cRNA	A/Ontario/080/2016	H1N1	taxon:2007537	Canada: Ontario	Homo sapiens	4	2016-02-19	nasopharyngeal wash		passage details: original specimen			2016.0	2.0	19.0	2015-2016	825	0	825
MF195430.1	Influenza A virus (A/Ontario/058/2016(H1N1))	viral cRNA	A/Ontario/058/2016	H1N1	taxon:2007517	Canada: Ontario	Homo sapiens	4	2016-02-18	nasopharyngeal wash		passage details: original specimen			2016.0	2.0	18.0	2015-2016	857	32	825
MF195436.1	Influenza A virus (A/Ontario/064/2016(H1N1))	viral cRNA	A/Ontario/064/2016	H1N1	taxon:2007523	Canada: Ontario	Homo sapiens	4	2016-02-18	nasopharyngeal wash		passage details: original specimen			2016.0	2.0	18.0	2015-2016	825	0	825
MF195432.1	Influenza A virus (A/Ontario/060/2016(H1N1))	viral cRNA	A/Ontario/060/2016	H1N1	taxon:2007519	Canada: Ontario	Homo sapiens	4	2016-02-18	nasopharyngeal wash		passage details: original specimen			2016.0	2.0	18.0	2015-2016	825	0	825
MF195433.1	Influenza A virus (A/Ontario/061/2016(H1N1))	viral cRNA	A/Ontario/061/2016	H1N1	taxon:2007520	Canada: Ontario	Homo sapiens	4	2016-02-18	nasopharyngeal wash		passage details: original specimen			2016.0	2.0	18.0	2015-2016	857	32	825
MF195434.1	Influenza A virus (A/Ontario/062/2016(H1N1))	viral cRNA	A/Ontario/062/2016	H1N1	taxon:2007521	Canada: Ontario	Homo sapiens	4	2016-02-17	nasopharyngeal wash		passage details: original specimen			2016.0	2.0	17.0	2015-2016	825	0	825
MF195431.1	Influenza A virus (A/Ontario/059/2016(H1N1))	viral cRNA	A/Ontario/059/2016	H1N1	taxon:2007518	Canada: Ontario	Homo sapiens	4	2016-02-17	nasopharyngeal wash		passage details: original specimen			2016.0	2.0	17.0	2015-2016	825	0	825
MF195429.1	Influenza A virus (A/Ontario/057/2016(H1N1))	viral cRNA	A/Ontario/057/2016	H1N1	taxon:2007516	Canada: Ontario	Homo sapiens	4	2016-02-17	nasopharyngeal wash		passage details: original specimen			2016.0	2.0	17.0	2015-2016	825	0	825
MF195427.1	Influenza A virus (A/Ontario/055/2016(H1N1))	viral cRNA	A/Ontario/055/2016	H1N1	taxon:2007514	Canada: Ontario	Homo sapiens	4	2016-02-16	nasopharyngeal wash		passage details: original specimen			2016.0	2.0	16.0	2015-2016	857	32	825
MF195425.1	Influenza A virus (A/Ontario/053/2016(H1N1))	viral cRNA	A/Ontario/053/2016	H1N1	taxon:2007512	Canada: Ontario	Homo sapiens	4	2016-02-16	nasopharyngeal wash		passage details: original specimen			2016.0	2.0	16.0	2015-2016	857	32	825
MF195423.1	Influenza A virus (A/Ontario/050/2016(H1N1))	viral cRNA	A/Ontario/050/2016	H1N1	taxon:2007509	Canada: Ontario	Homo sapiens	4	2016-02-16	nasopharyngeal wash		passage details: original specimen			2016.0	2.0	16.0	2015-2016	825	0	825
MF195428.1	Influenza A virus (A/Ontario/056/2016(H1N1))	viral cRNA	A/Ontario/056/2016	H1N1	taxon:2007515	Canada: Ontario	Homo sapiens	4	2016-02-16	nasopharyngeal wash		passage details: original specimen			2016.0	2.0	16.0	2015-2016	825	0	825
MF195426.1	Influenza A virus (A/Ontario/054/2016(H1N1))	viral cRNA	A/Ontario/054/2016	H1N1	taxon:2007513	Canada: Ontario	Homo sapiens	4	2016-02-15	nasopharyngeal wash		passage details: original specimen			2016.0	2.0	15.0	2015-2016	825	0	825
MF195424.1	Influenza A virus (A/Ontario/052/2016(H1N1))	viral cRNA	A/Ontario/052/2016	H1N1	taxon:2007511	Canada: Ontario	Homo sapiens	4	2016-02-15	nasopharyngeal wash		passage details: original specimen			2016.0	2.0	15.0	2015-2016	825	0	825
MF195422.1	Influenza A virus (A/Ontario/048/2016(H1N1))	viral cRNA	A/Ontario/048/2016	H1N1	taxon:2007507	Canada: Ontario	Homo sapiens	4	2016-02-10	nasopharyngeal wash		passage details: original specimen			2016.0	2.0	10.0	2015-2016	857	32	825
MF195445.1	Influenza A virus (A/Ontario/076/2016(H1N1))	viral cRNA	A/Ontario/076/2016	H1N1	taxon:2007533	Canada: Ontario	Homo sapiens	4	2016-02-10	nasopharyngeal wash		passage details: original specimen			2016.0	2.0	10.0	2015-2016	825	0	825
MF348063.1	Influenza A virus (A/Ontario/22/2016(H1N1))	viral cRNA	A/Ontario/22/2016	H1N1	taxon:2012852	Canada: Ontario	Homo sapiens	4	2016-02-09	NPS		lineage: swl			2016.0	2.0	9.0	2015-2016	753	32	721
MF348064.1	Influenza A virus (A/Ontario/23/2016(H1N1))	viral cRNA	A/Ontario/23/2016	H1N1	taxon:2012853	Canada: Ontario	Homo sapiens	4	2016-02-09	NPS		lineage: swl			2016.0	2.0	9.0	2015-2016	753	32	721
MF195420.1	Influenza A virus (A/Ontario/043/2016(H1N1))	viral cRNA	A/Ontario/043/2016	H1N1	taxon:2007503	Canada: Ontario	Homo sapiens	4	2016-02-08	nasopharyngeal wash		passage details: original specimen			2016.0	2.0	8.0	2015-2016	825	0	825
MF195419.1	Influenza A virus (A/Ontario/041/2016(H1N1))	viral cRNA	A/Ontario/041/2016	H1N1	taxon:2007502	Canada: Ontario	Homo sapiens	4	2016-02-08	nasopharyngeal wash		passage details: original specimen			2016.0	2.0	8.0	2015-2016	825	0	825
MF348062.1	Influenza A virus (A/Ontario/21/2016(H1N1))	viral cRNA	A/Ontario/21/2016	H1N1	taxon:2012851	Canada: Ontario	Homo sapiens	4	2016-02-08	nasal swab		lineage: swl			2016.0	2.0	8.0	2015-2016	1119	398	721
MF348065.1	Influenza A virus (A/Ontario/24/2016(H1N1))	viral cRNA	A/Ontario/24/2016	H1N1	taxon:2012854	Canada: Ontario	Homo sapiens	4	2016-02-08	nasal swab		lineage: swl			2016.0	2.0	8.0	2015-2016	1056	335	721
MF348066.1	Influenza A virus (A/Ontario/25/2016(H1N1))	viral cRNA	A/Ontario/25/2016	H1N1	taxon:2012855	Canada: Ontario	Homo sapiens	4	2016-02-08	nasal swab		lineage: swl			2016.0	2.0	8.0	2015-2016	753	32	721
MF348060.1	Influenza A virus (A/Ontario/19/2016(H1N1))	viral cRNA	A/Ontario/19/2016	H1N1	taxon:2012849	Canada: Ontario	Homo sapiens	4	2016-02-07	NPS		lineage: swl			2016.0	2.0	7.0	2015-2016	753	32	721
MF195421.1	Influenza A virus (A/Ontario/044/2016(H1N1))	viral cRNA	A/Ontario/044/2016	H1N1	taxon:2007504	Canada: Ontario	Homo sapiens	4	2016-02-05	nasopharyngeal wash		passage details: original specimen			2016.0	2.0	5.0	2015-2016	857	32	825
MF348061.1	Influenza A virus (A/Ontario/20/2016(H1N1))	viral cRNA	A/Ontario/20/2016	H1N1	taxon:2012850	Canada: Ontario	Homo sapiens	4	2016-02-05	NPS		lineage: swl			2016.0	2.0	5.0	2015-2016	753	32	721
MF348059.1	Influenza A virus (A/Ontario/18/2016(H1N1))	viral cRNA	A/Ontario/18/2016	H1N1	taxon:2012848	Canada: Ontario	Homo sapiens	4	2016-02-04	NPS		lineage: swl			2016.0	2.0	4.0	2015-2016	753	32	721
MF348057.1	Influenza A virus (A/Ontario/16/2016(H1N1))	viral cRNA	A/Ontario/16/2016	H1N1	taxon:2012846	Canada: Ontario	Homo sapiens	4	2016-02-04	nasal swab		lineage: swl			2016.0	2.0	4.0	2015-2016	753	32	721
MF348058.1	Influenza A virus (A/Ontario/17/2016(H1N1))	viral cRNA	A/Ontario/17/2016	H1N1	taxon:2012847	Canada: Ontario	Homo sapiens	4	2016-02-04	NPS		lineage: swl			2016.0	2.0	4.0	2015-2016	1193	371	822
MF348056.1	Influenza A virus (A/Ontario/15/2016(H1N1))	viral cRNA	A/Ontario/15/2016	H1N1	taxon:2012845	Canada: Ontario	Homo sapiens	4	2016-02-03	NPS		lineage: swl			2016.0	2.0	3.0	2015-2016	753	32	721
MF195418.1	Influenza A virus (A/Ontario/038/2016(H1N1))	viral cRNA	A/Ontario/038/2016	H1N1	taxon:2007500	Canada: Ontario	Homo sapiens	4	2016-02-02	nasopharyngeal wash		passage details: original specimen			2016.0	2.0	2.0	2015-2016	825	0	825
MF348053.1	Influenza A virus (A/Ontario/12/2016(H1N1))	viral cRNA	A/Ontario/12/2016	H1N1	taxon:2012842	Canada: Ontario	Homo sapiens	4	2016-02-01	NPS		lineage: swl			2016.0	2.0	1.0	2015-2016	753	32	721
MF348052.1	Influenza A virus (A/Ontario/11/2016(H1N1))	viral cRNA	A/Ontario/11/2016	H1N1	taxon:2012841	Canada: Ontario	Homo sapiens	4	2016-02-01	NPS		lineage: swl			2016.0	2.0	1.0	2015-2016	862	32	830
MF348054.1	Influenza A virus (A/Ontario/13/2016(H1N1))	viral cRNA	A/Ontario/13/2016	H1N1	taxon:2012843	Canada: Ontario	Homo sapiens	4	2016-02-01	NPS		lineage: swl			2016.0	2.0	1.0	2015-2016	753	32	721
MF348055.1	Influenza A virus (A/Ontario/14/2016(H1N1))	viral cRNA	A/Ontario/14/2016	H1N1	taxon:2012844	Canada: Ontario	Homo sapiens	4	2016-02-01	nasal swab		lineage: swl			2016.0	2.0	1.0	2015-2016	753	32	721
MF348051.1	Influenza A virus (A/Ontario/10/2016(H1N1))	viral cRNA	A/Ontario/10/2016	H1N1	taxon:2012840	Canada: Ontario	Homo sapiens	4	2016-01-28	NPS		lineage: swl			2016.0	1.0	28.0	2015-2016	753	32	721
MF348048.1	Influenza A virus (A/Ontario/07/2016(H1N1))	viral cRNA	A/Ontario/07/2016	H1N1	taxon:2012837	Canada: Ontario	Homo sapiens	4	2016-01-27	nasal swab		lineage: swl			2016.0	1.0	27.0	2015-2016	753	32	721
MF348049.1	Influenza A virus (A/Ontario/08/2016(H1N1))	viral cRNA	A/Ontario/08/2016	H1N1	taxon:2012838	Canada: Ontario	Homo sapiens	4	2016-01-27	NPS		lineage: swl			2016.0	1.0	27.0	2015-2016	753	32	721
MF348050.1	Influenza A virus (A/Ontario/09/2016(H1N1))	viral cRNA	A/Ontario/09/2016	H1N1	taxon:2012839	Canada: Ontario	Homo sapiens	4	2016-01-27	nasal swab		lineage: swl			2016.0	1.0	27.0	2015-2016	753	32	721
MF348047.1	Influenza A virus (A/Ontario/06/2016(H1N1))	viral cRNA	A/Ontario/06/2016	H1N1	taxon:2012836	Canada: Ontario	Homo sapiens	4	2016-01-26	NPS		lineage: swl			2016.0	1.0	26.0	2015-2016	753	32	721
MF348046.1	Influenza A virus (A/Ontario/05/2016(H1N1))	viral cRNA	A/Ontario/05/2016	H1N1	taxon:2012835	Canada: Ontario	Homo sapiens	4	2016-01-21	NPS		lineage: swl			2016.0	1.0	21.0	2015-2016	753	32	721
MF348045.1	Influenza A virus (A/Ontario/04/2016(H1N1))	viral cRNA	A/Ontario/04/2016	H1N1	taxon:2012834	Canada: Ontario	Homo sapiens	4	2016-01-21	nasal swab		lineage: swl			2016.0	1.0	21.0	2015-2016	753	32	721
MF348044.1	Influenza A virus (A/Ontario/03/2016(H1N1))	viral cRNA	A/Ontario/03/2016	H1N1	taxon:2012833	Canada: Ontario	Homo sapiens	4	2016-01-20	nasal swab		lineage: swl			2016.0	1.0	20.0	2015-2016	857	32	825
MF348043.1	Influenza A virus (A/Ontario/02/2016(H1N1))	viral cRNA	A/Ontario/02/2016	H1N1	taxon:2012832	Canada: Ontario	Homo sapiens	4	2016-01-16	nasal swab		lineage: swl			2016.0	1.0	16.0	2015-2016	753	32	721
MF348042.1	Influenza A virus (A/Ontario/01/2016(H1N1))	viral cRNA	A/Ontario/01/2016	H1N1	taxon:2012831	Canada: Ontario	Homo sapiens	4	2016-01-13	NPS		lineage: swl			2016.0	1.0	13.0	2015-2016	753	32	721
MF195417.1	Influenza A virus (A/Ontario/030/2016(H1N1))	viral cRNA	A/Ontario/030/2016	H1N1	taxon:2007498	Canada: Ontario	Homo sapiens	4	2016-01-10	nasopharyngeal wash		passage details: original specimen			2016.0	1.0	10.0	2015-2016	825	0	825
MF195416.1	Influenza A virus (A/Ontario/029/2016(H1N1))	viral cRNA	A/Ontario/029/2016	H1N1	taxon:2007497	Canada: Ontario	Homo sapiens	4	2016-01-07	nasopharyngeal wash		passage details: original specimen			2016.0	1.0	7.0	2015-2016	857	32	825
MF195415.1	Influenza A virus (A/Ontario/028/2016(H1N1))	viral cRNA	A/Ontario/028/2016	H1N1	taxon:2007496	Canada: Ontario	Homo sapiens	4	2016-01-06	nasopharyngeal wash		passage details: original specimen			2016.0	1.0	6.0	2015-2016	857	32	825
MF195414.1	Influenza A virus (A/Ontario/027/2016(H1N1))	viral cRNA	A/Ontario/027/2016	H1N1	taxon:2007495	Canada: Ontario	Homo sapiens	4	2016-01-05	nasopharyngeal wash		passage details: original specimen			2016.0	1.0	5.0	2015-2016	857	32	825
MF195413.1	Influenza A virus (A/Ontario/026/2016(H1N1))	viral cRNA	A/Ontario/026/2016	H1N1	taxon:2007494	Canada: Ontario	Homo sapiens	4	2016-01-04	nasopharyngeal wash		passage details: original specimen			2016.0	1.0	4.0	2015-2016	825	0	825
MH216446.1	Influenza A virus	viral cRNA	A/Ontario/148/2017	H1N1	taxon:11320	Canada: Ontario	Homo sapiens	4	2017-03-28	nasopharyngeal swab	148	original specimen			2017.0	3.0	28.0	2016-2017	858	32	826
